--
-- PostgreSQL database dump
--

\restrict zs990jsUFImlq0HbDyvmV3xdOf4oUD0RRtXYZ18Y42cigte0nBBbPCVpOWA9Wem

-- Dumped from database version 18.0
-- Dumped by pg_dump version 18.0

-- Started on 2026-05-19 09:33:59

SET statement_timeout = 0;
SET lock_timeout = 0;
SET idle_in_transaction_session_timeout = 0;
SET transaction_timeout = 0;
SET client_encoding = 'UTF8';
SET standard_conforming_strings = on;
SELECT pg_catalog.set_config('search_path', '', false);
SET check_function_bodies = false;
SET xmloption = content;
SET client_min_messages = warning;
SET row_security = off;

SET default_tablespace = '';

SET default_table_access_method = heap;

--
-- TOC entry 221 (class 1259 OID 25482)
-- Name: countries; Type: TABLE; Schema: public; Owner: postgres
--

CREATE TABLE public.countries (
    code character varying(2) NOT NULL,
    continent_code character varying(2) NOT NULL,
    full_name character varying(255) NOT NULL,
    iso3 character varying(3) NOT NULL,
    name character varying(255) NOT NULL,
    number character varying(3) NOT NULL
);


ALTER TABLE public.countries OWNER TO postgres;

--
-- TOC entry 224 (class 1259 OID 25922)
-- Name: film; Type: TABLE; Schema: public; Owner: postgres
--

CREATE TABLE public.film (
    id bigint NOT NULL,
    date_added_todb date,
    length_in_minutes integer NOT NULL,
    poster_path character varying(255),
    release_year integer,
    title character varying(255) NOT NULL
);


ALTER TABLE public.film OWNER TO postgres;

--
-- TOC entry 225 (class 1259 OID 25932)
-- Name: film_countries; Type: TABLE; Schema: public; Owner: postgres
--

CREATE TABLE public.film_countries (
    film_id bigint NOT NULL,
    country_code character varying(2) NOT NULL
);


ALTER TABLE public.film_countries OWNER TO postgres;

--
-- TOC entry 226 (class 1259 OID 25939)
-- Name: film_genres; Type: TABLE; Schema: public; Owner: postgres
--

CREATE TABLE public.film_genres (
    film_id bigint NOT NULL,
    genre_id bigint NOT NULL
);


ALTER TABLE public.film_genres OWNER TO postgres;

--
-- TOC entry 228 (class 1259 OID 25947)
-- Name: film_job_person; Type: TABLE; Schema: public; Owner: postgres
--

CREATE TABLE public.film_job_person (
    id bigint NOT NULL,
    film_id bigint,
    job_id bigint,
    person_id bigint
);


ALTER TABLE public.film_job_person OWNER TO postgres;

--
-- TOC entry 227 (class 1259 OID 25946)
-- Name: film_job_person_id_seq; Type: SEQUENCE; Schema: public; Owner: postgres
--

ALTER TABLE public.film_job_person ALTER COLUMN id ADD GENERATED BY DEFAULT AS IDENTITY (
    SEQUENCE NAME public.film_job_person_id_seq
    START WITH 1
    INCREMENT BY 1
    NO MINVALUE
    NO MAXVALUE
    CACHE 1
);


--
-- TOC entry 229 (class 1259 OID 25953)
-- Name: film_movielist; Type: TABLE; Schema: public; Owner: postgres
--

CREATE TABLE public.film_movielist (
    movie_list_id bigint NOT NULL,
    film_id bigint NOT NULL
);


ALTER TABLE public.film_movielist OWNER TO postgres;

--
-- TOC entry 222 (class 1259 OID 25521)
-- Name: genres; Type: TABLE; Schema: public; Owner: postgres
--

CREATE TABLE public.genres (
    id bigint NOT NULL,
    name character varying(255) NOT NULL
);


ALTER TABLE public.genres OWNER TO postgres;

--
-- TOC entry 223 (class 1259 OID 25623)
-- Name: job; Type: TABLE; Schema: public; Owner: postgres
--

CREATE TABLE public.job (
    id bigint NOT NULL,
    name character varying(255) NOT NULL
);


ALTER TABLE public.job OWNER TO postgres;

--
-- TOC entry 231 (class 1259 OID 25961)
-- Name: log; Type: TABLE; Schema: public; Owner: postgres
--

CREATE TABLE public.log (
    id bigint NOT NULL,
    date date NOT NULL,
    first_watch boolean NOT NULL,
    rating real,
    review character varying(255),
    film_id bigint NOT NULL,
    user_id bigint NOT NULL
);


ALTER TABLE public.log OWNER TO postgres;

--
-- TOC entry 230 (class 1259 OID 25960)
-- Name: log_id_seq; Type: SEQUENCE; Schema: public; Owner: postgres
--

ALTER TABLE public.log ALTER COLUMN id ADD GENERATED BY DEFAULT AS IDENTITY (
    SEQUENCE NAME public.log_id_seq
    START WITH 1
    INCREMENT BY 1
    NO MINVALUE
    NO MAXVALUE
    CACHE 1
);


--
-- TOC entry 233 (class 1259 OID 25972)
-- Name: movie_list; Type: TABLE; Schema: public; Owner: postgres
--

CREATE TABLE public.movie_list (
    id bigint NOT NULL,
    is_watchlist boolean,
    name character varying(255) NOT NULL,
    user_id bigint NOT NULL
);


ALTER TABLE public.movie_list OWNER TO postgres;

--
-- TOC entry 232 (class 1259 OID 25971)
-- Name: movie_list_id_seq; Type: SEQUENCE; Schema: public; Owner: postgres
--

ALTER TABLE public.movie_list ALTER COLUMN id ADD GENERATED BY DEFAULT AS IDENTITY (
    SEQUENCE NAME public.movie_list_id_seq
    START WITH 1
    INCREMENT BY 1
    NO MINVALUE
    NO MAXVALUE
    CACHE 1
);


--
-- TOC entry 236 (class 1259 OID 26055)
-- Name: password_reset; Type: TABLE; Schema: public; Owner: postgres
--

CREATE TABLE public.password_reset (
    id bigint NOT NULL,
    code character varying(255) NOT NULL,
    expires_at timestamp(6) without time zone NOT NULL,
    used boolean NOT NULL,
    user_id bigint NOT NULL
);


ALTER TABLE public.password_reset OWNER TO postgres;

--
-- TOC entry 235 (class 1259 OID 26054)
-- Name: password_reset_id_seq; Type: SEQUENCE; Schema: public; Owner: postgres
--

ALTER TABLE public.password_reset ALTER COLUMN id ADD GENERATED BY DEFAULT AS IDENTITY (
    SEQUENCE NAME public.password_reset_id_seq
    START WITH 1
    INCREMENT BY 1
    NO MINVALUE
    NO MAXVALUE
    CACHE 1
);


--
-- TOC entry 234 (class 1259 OID 25980)
-- Name: person; Type: TABLE; Schema: public; Owner: postgres
--

CREATE TABLE public.person (
    id bigint NOT NULL,
    name character varying(255),
    profile_path character varying(255)
);


ALTER TABLE public.person OWNER TO postgres;

--
-- TOC entry 220 (class 1259 OID 25446)
-- Name: users; Type: TABLE; Schema: public; Owner: postgres
--

CREATE TABLE public.users (
    id bigint NOT NULL,
    email character varying(255) NOT NULL,
    password character varying(255) NOT NULL,
    username character varying(14) NOT NULL
);


ALTER TABLE public.users OWNER TO postgres;

--
-- TOC entry 219 (class 1259 OID 25445)
-- Name: users_id_seq; Type: SEQUENCE; Schema: public; Owner: postgres
--

ALTER TABLE public.users ALTER COLUMN id ADD GENERATED BY DEFAULT AS IDENTITY (
    SEQUENCE NAME public.users_id_seq
    START WITH 1
    INCREMENT BY 1
    NO MINVALUE
    NO MAXVALUE
    CACHE 1
);


--
-- TOC entry 4999 (class 0 OID 25482)
-- Dependencies: 221
-- Data for Name: countries; Type: TABLE DATA; Schema: public; Owner: postgres
--

INSERT INTO public.countries VALUES ('AF', 'AS', 'Islamic Republic of Afghanistan', 'AFG', 'Afghanistan', '004');
INSERT INTO public.countries VALUES ('AX', 'EU', 'Åland Islands', 'ALA', 'Åland Islands', '248');
INSERT INTO public.countries VALUES ('AL', 'EU', 'Republic of Albania', 'ALB', 'Albania', '008');
INSERT INTO public.countries VALUES ('DZ', 'AF', 'People''s Democratic Republic of Algeria', 'DZA', 'Algeria', '012');
INSERT INTO public.countries VALUES ('AS', 'OC', 'American Samoa', 'ASM', 'American Samoa', '016');
INSERT INTO public.countries VALUES ('AD', 'EU', 'Principality of Andorra', 'AND', 'Andorra', '020');
INSERT INTO public.countries VALUES ('AO', 'AF', 'Republic of Angola', 'AGO', 'Angola', '024');
INSERT INTO public.countries VALUES ('AI', 'NA', 'Anguilla', 'AIA', 'Anguilla', '660');
INSERT INTO public.countries VALUES ('AQ', 'AN', 'Antarctica (the territory South of 60 deg S)', 'ATA', 'Antarctica', '010');
INSERT INTO public.countries VALUES ('AG', 'NA', 'Antigua and Barbuda', 'ATG', 'Antigua and Barbuda', '028');
INSERT INTO public.countries VALUES ('AR', 'SA', 'Argentine Republic', 'ARG', 'Argentina', '032');
INSERT INTO public.countries VALUES ('AM', 'AS', 'Republic of Armenia', 'ARM', 'Armenia', '051');
INSERT INTO public.countries VALUES ('AW', 'NA', 'Aruba', 'ABW', 'Aruba', '533');
INSERT INTO public.countries VALUES ('AU', 'OC', 'Commonwealth of Australia', 'AUS', 'Australia', '036');
INSERT INTO public.countries VALUES ('AT', 'EU', 'Republic of Austria', 'AUT', 'Austria', '040');
INSERT INTO public.countries VALUES ('AZ', 'AS', 'Republic of Azerbaijan', 'AZE', 'Azerbaijan', '031');
INSERT INTO public.countries VALUES ('BS', 'NA', 'Commonwealth of The Bahamas', 'BHS', 'Bahamas', '044');
INSERT INTO public.countries VALUES ('BH', 'AS', 'Kingdom of Bahrain', 'BHR', 'Bahrain', '048');
INSERT INTO public.countries VALUES ('BD', 'AS', 'People''s Republic of Bangladesh', 'BGD', 'Bangladesh', '050');
INSERT INTO public.countries VALUES ('BB', 'NA', 'Barbados', 'BRB', 'Barbados', '052');
INSERT INTO public.countries VALUES ('BY', 'EU', 'Republic of Belarus', 'BLR', 'Belarus', '112');
INSERT INTO public.countries VALUES ('BE', 'EU', 'Kingdom of Belgium', 'BEL', 'Belgium', '056');
INSERT INTO public.countries VALUES ('BZ', 'NA', 'Belize', 'BLZ', 'Belize', '084');
INSERT INTO public.countries VALUES ('BJ', 'AF', 'Republic of Benin', 'BEN', 'Benin', '204');
INSERT INTO public.countries VALUES ('BM', 'NA', 'Bermuda', 'BMU', 'Bermuda', '060');
INSERT INTO public.countries VALUES ('BT', 'AS', 'Kingdom of Bhutan', 'BTN', 'Bhutan', '064');
INSERT INTO public.countries VALUES ('BO', 'SA', 'Plurinational State of Bolivia', 'BOL', 'Bolivia', '068');
INSERT INTO public.countries VALUES ('BQ', 'NA', 'Bonaire, Sint Eustatius and Saba', 'BES', 'Bonaire, Sint Eustatius and Saba', '535');
INSERT INTO public.countries VALUES ('BA', 'EU', 'Bosnia and Herzegovina', 'BIH', 'Bosnia and Herzegovina', '070');
INSERT INTO public.countries VALUES ('BW', 'AF', 'Republic of Botswana', 'BWA', 'Botswana', '072');
INSERT INTO public.countries VALUES ('BV', 'AN', 'Bouvet Island (Bouvetøya)', 'BVT', 'Bouvet Island (Bouvetøya)', '074');
INSERT INTO public.countries VALUES ('BR', 'SA', 'Federative Republic of Brazil', 'BRA', 'Brazil', '076');
INSERT INTO public.countries VALUES ('IO', 'AS', 'British Indian Ocean Territory (Chagos Archipelago)', 'IOT', 'British Indian Ocean Territory (Chagos Archipelago)', '086');
INSERT INTO public.countries VALUES ('VG', 'NA', 'British Virgin Islands', 'VGB', 'British Virgin Islands', '092');
INSERT INTO public.countries VALUES ('BN', 'AS', 'Brunei Darussalam', 'BRN', 'Brunei Darussalam', '096');
INSERT INTO public.countries VALUES ('BG', 'EU', 'Republic of Bulgaria', 'BGR', 'Bulgaria', '100');
INSERT INTO public.countries VALUES ('BF', 'AF', 'Burkina Faso', 'BFA', 'Burkina Faso', '854');
INSERT INTO public.countries VALUES ('BI', 'AF', 'Republic of Burundi', 'BDI', 'Burundi', '108');
INSERT INTO public.countries VALUES ('KH', 'AS', 'Kingdom of Cambodia', 'KHM', 'Cambodia', '116');
INSERT INTO public.countries VALUES ('CM', 'AF', 'Republic of Cameroon', 'CMR', 'Cameroon', '120');
INSERT INTO public.countries VALUES ('CA', 'NA', 'Canada', 'CAN', 'Canada', '124');
INSERT INTO public.countries VALUES ('CV', 'AF', 'Republic of Cabo Verde', 'CPV', 'Cabo Verde', '132');
INSERT INTO public.countries VALUES ('KY', 'NA', 'Cayman Islands', 'CYM', 'Cayman Islands', '136');
INSERT INTO public.countries VALUES ('CF', 'AF', 'Central African Republic', 'CAF', 'Central African Republic', '140');
INSERT INTO public.countries VALUES ('TD', 'AF', 'Republic of Chad', 'TCD', 'Chad', '148');
INSERT INTO public.countries VALUES ('CL', 'SA', 'Republic of Chile', 'CHL', 'Chile', '152');
INSERT INTO public.countries VALUES ('CN', 'AS', 'People''s Republic of China', 'CHN', 'China', '156');
INSERT INTO public.countries VALUES ('CX', 'AS', 'Christmas Island', 'CXR', 'Christmas Island', '162');
INSERT INTO public.countries VALUES ('CC', 'AS', 'Cocos (Keeling) Islands', 'CCK', 'Cocos (Keeling) Islands', '166');
INSERT INTO public.countries VALUES ('CO', 'SA', 'Republic of Colombia', 'COL', 'Colombia', '170');
INSERT INTO public.countries VALUES ('KM', 'AF', 'Union of the Comoros', 'COM', 'Comoros', '174');
INSERT INTO public.countries VALUES ('CD', 'AF', 'Democratic Republic of the Congo', 'COD', 'Congo', '180');
INSERT INTO public.countries VALUES ('CG', 'AF', 'Republic of the Congo', 'COG', 'Congo', '178');
INSERT INTO public.countries VALUES ('CK', 'OC', 'Cook Islands', 'COK', 'Cook Islands', '184');
INSERT INTO public.countries VALUES ('CR', 'NA', 'Republic of Costa Rica', 'CRI', 'Costa Rica', '188');
INSERT INTO public.countries VALUES ('CI', 'AF', 'Republic of Cote d''Ivoire', 'CIV', 'Cote d''Ivoire', '384');
INSERT INTO public.countries VALUES ('HR', 'EU', 'Republic of Croatia', 'HRV', 'Croatia', '191');
INSERT INTO public.countries VALUES ('CU', 'NA', 'Republic of Cuba', 'CUB', 'Cuba', '192');
INSERT INTO public.countries VALUES ('CW', 'NA', 'Curaçao', 'CUW', 'Curaçao', '531');
INSERT INTO public.countries VALUES ('CY', 'AS', 'Republic of Cyprus', 'CYP', 'Cyprus', '196');
INSERT INTO public.countries VALUES ('CZ', 'EU', 'Czech Republic', 'CZE', 'Czechia', '203');
INSERT INTO public.countries VALUES ('DK', 'EU', 'Kingdom of Denmark', 'DNK', 'Denmark', '208');
INSERT INTO public.countries VALUES ('DJ', 'AF', 'Republic of Djibouti', 'DJI', 'Djibouti', '262');
INSERT INTO public.countries VALUES ('DM', 'NA', 'Commonwealth of Dominica', 'DMA', 'Dominica', '212');
INSERT INTO public.countries VALUES ('DO', 'NA', 'Dominican Republic', 'DOM', 'Dominican Republic', '214');
INSERT INTO public.countries VALUES ('EC', 'SA', 'Republic of Ecuador', 'ECU', 'Ecuador', '218');
INSERT INTO public.countries VALUES ('EG', 'AF', 'Arab Republic of Egypt', 'EGY', 'Egypt', '818');
INSERT INTO public.countries VALUES ('SV', 'NA', 'Republic of El Salvador', 'SLV', 'El Salvador', '222');
INSERT INTO public.countries VALUES ('GQ', 'AF', 'Republic of Equatorial Guinea', 'GNQ', 'Equatorial Guinea', '226');
INSERT INTO public.countries VALUES ('ER', 'AF', 'State of Eritrea', 'ERI', 'Eritrea', '232');
INSERT INTO public.countries VALUES ('EE', 'EU', 'Republic of Estonia', 'EST', 'Estonia', '233');
INSERT INTO public.countries VALUES ('ET', 'AF', 'Federal Democratic Republic of Ethiopia', 'ETH', 'Ethiopia', '231');
INSERT INTO public.countries VALUES ('FO', 'EU', 'Faroe Islands', 'FRO', 'Faroe Islands', '234');
INSERT INTO public.countries VALUES ('FK', 'SA', 'Falkland Islands (Malvinas)', 'FLK', 'Falkland Islands (Malvinas)', '238');
INSERT INTO public.countries VALUES ('FJ', 'OC', 'Republic of Fiji', 'FJI', 'Fiji', '242');
INSERT INTO public.countries VALUES ('FI', 'EU', 'Republic of Finland', 'FIN', 'Finland', '246');
INSERT INTO public.countries VALUES ('FR', 'EU', 'French Republic', 'FRA', 'France', '250');
INSERT INTO public.countries VALUES ('GF', 'SA', 'French Guiana', 'GUF', 'French Guiana', '254');
INSERT INTO public.countries VALUES ('PF', 'OC', 'French Polynesia', 'PYF', 'French Polynesia', '258');
INSERT INTO public.countries VALUES ('TF', 'AN', 'French Southern Territories', 'ATF', 'French Southern Territories', '260');
INSERT INTO public.countries VALUES ('GA', 'AF', 'Gabonese Republic', 'GAB', 'Gabon', '266');
INSERT INTO public.countries VALUES ('GM', 'AF', 'Republic of the Gambia', 'GMB', 'Gambia', '270');
INSERT INTO public.countries VALUES ('GE', 'AS', 'Georgia', 'GEO', 'Georgia', '268');
INSERT INTO public.countries VALUES ('DE', 'EU', 'Federal Republic of Germany', 'DEU', 'Germany', '276');
INSERT INTO public.countries VALUES ('GH', 'AF', 'Republic of Ghana', 'GHA', 'Ghana', '288');
INSERT INTO public.countries VALUES ('GI', 'EU', 'Gibraltar', 'GIB', 'Gibraltar', '292');
INSERT INTO public.countries VALUES ('GR', 'EU', 'Hellenic Republic of Greece', 'GRC', 'Greece', '300');
INSERT INTO public.countries VALUES ('GL', 'NA', 'Greenland', 'GRL', 'Greenland', '304');
INSERT INTO public.countries VALUES ('GD', 'NA', 'Grenada', 'GRD', 'Grenada', '308');
INSERT INTO public.countries VALUES ('GP', 'NA', 'Guadeloupe', 'GLP', 'Guadeloupe', '312');
INSERT INTO public.countries VALUES ('GU', 'OC', 'Guam', 'GUM', 'Guam', '316');
INSERT INTO public.countries VALUES ('GT', 'NA', 'Republic of Guatemala', 'GTM', 'Guatemala', '320');
INSERT INTO public.countries VALUES ('GG', 'EU', 'Bailiwick of Guernsey', 'GGY', 'Guernsey', '831');
INSERT INTO public.countries VALUES ('GN', 'AF', 'Republic of Guinea', 'GIN', 'Guinea', '324');
INSERT INTO public.countries VALUES ('GW', 'AF', 'Republic of Guinea-Bissau', 'GNB', 'Guinea-Bissau', '624');
INSERT INTO public.countries VALUES ('GY', 'SA', 'Co-operative Republic of Guyana', 'GUY', 'Guyana', '328');
INSERT INTO public.countries VALUES ('HT', 'NA', 'Republic of Haiti', 'HTI', 'Haiti', '332');
INSERT INTO public.countries VALUES ('HM', 'AN', 'Heard Island and McDonald Islands', 'HMD', 'Heard Island and McDonald Islands', '334');
INSERT INTO public.countries VALUES ('VA', 'EU', 'Holy See (Vatican City State)', 'VAT', 'Holy See (Vatican City State)', '336');
INSERT INTO public.countries VALUES ('HN', 'NA', 'Republic of Honduras', 'HND', 'Honduras', '340');
INSERT INTO public.countries VALUES ('HK', 'AS', 'Hong Kong Special Administrative Region of China', 'HKG', 'Hong Kong', '344');
INSERT INTO public.countries VALUES ('HU', 'EU', 'Hungary', 'HUN', 'Hungary', '348');
INSERT INTO public.countries VALUES ('IS', 'EU', 'Iceland', 'ISL', 'Iceland', '352');
INSERT INTO public.countries VALUES ('IN', 'AS', 'Republic of India', 'IND', 'India', '356');
INSERT INTO public.countries VALUES ('ID', 'AS', 'Republic of Indonesia', 'IDN', 'Indonesia', '360');
INSERT INTO public.countries VALUES ('IR', 'AS', 'Islamic Republic of Iran', 'IRN', 'Iran', '364');
INSERT INTO public.countries VALUES ('IQ', 'AS', 'Republic of Iraq', 'IRQ', 'Iraq', '368');
INSERT INTO public.countries VALUES ('IE', 'EU', 'Ireland', 'IRL', 'Ireland', '372');
INSERT INTO public.countries VALUES ('IM', 'EU', 'Isle of Man', 'IMN', 'Isle of Man', '833');
INSERT INTO public.countries VALUES ('IL', 'AS', 'State of Israel', 'ISR', 'Israel', '376');
INSERT INTO public.countries VALUES ('IT', 'EU', 'Republic of Italy', 'ITA', 'Italy', '380');
INSERT INTO public.countries VALUES ('JM', 'NA', 'Jamaica', 'JAM', 'Jamaica', '388');
INSERT INTO public.countries VALUES ('JP', 'AS', 'Japan', 'JPN', 'Japan', '392');
INSERT INTO public.countries VALUES ('JE', 'EU', 'Bailiwick of Jersey', 'JEY', 'Jersey', '832');
INSERT INTO public.countries VALUES ('JO', 'AS', 'Hashemite Kingdom of Jordan', 'JOR', 'Jordan', '400');
INSERT INTO public.countries VALUES ('KZ', 'AS', 'Republic of Kazakhstan', 'KAZ', 'Kazakhstan', '398');
INSERT INTO public.countries VALUES ('KE', 'AF', 'Republic of Kenya', 'KEN', 'Kenya', '404');
INSERT INTO public.countries VALUES ('KI', 'OC', 'Republic of Kiribati', 'KIR', 'Kiribati', '296');
INSERT INTO public.countries VALUES ('KP', 'AS', 'Democratic People''s Republic of Korea', 'PRK', 'Korea', '408');
INSERT INTO public.countries VALUES ('KR', 'AS', 'Republic of Korea', 'KOR', 'Korea', '410');
INSERT INTO public.countries VALUES ('KW', 'AS', 'State of Kuwait', 'KWT', 'Kuwait', '414');
INSERT INTO public.countries VALUES ('KG', 'AS', 'Kyrgyz Republic', 'KGZ', 'Kyrgyz Republic', '417');
INSERT INTO public.countries VALUES ('LA', 'AS', 'Lao People''s Democratic Republic', 'LAO', 'Lao People''s Democratic Republic', '418');
INSERT INTO public.countries VALUES ('LV', 'EU', 'Republic of Latvia', 'LVA', 'Latvia', '428');
INSERT INTO public.countries VALUES ('LB', 'AS', 'Lebanese Republic', 'LBN', 'Lebanon', '422');
INSERT INTO public.countries VALUES ('LS', 'AF', 'Kingdom of Lesotho', 'LSO', 'Lesotho', '426');
INSERT INTO public.countries VALUES ('LR', 'AF', 'Republic of Liberia', 'LBR', 'Liberia', '430');
INSERT INTO public.countries VALUES ('LY', 'AF', 'State of Libya', 'LBY', 'Libya', '434');
INSERT INTO public.countries VALUES ('LI', 'EU', 'Principality of Liechtenstein', 'LIE', 'Liechtenstein', '438');
INSERT INTO public.countries VALUES ('LT', 'EU', 'Republic of Lithuania', 'LTU', 'Lithuania', '440');
INSERT INTO public.countries VALUES ('LU', 'EU', 'Grand Duchy of Luxembourg', 'LUX', 'Luxembourg', '442');
INSERT INTO public.countries VALUES ('MO', 'AS', 'Macao Special Administrative Region of China', 'MAC', 'Macao', '446');
INSERT INTO public.countries VALUES ('MG', 'AF', 'Republic of Madagascar', 'MDG', 'Madagascar', '450');
INSERT INTO public.countries VALUES ('MW', 'AF', 'Republic of Malawi', 'MWI', 'Malawi', '454');
INSERT INTO public.countries VALUES ('MY', 'AS', 'Malaysia', 'MYS', 'Malaysia', '458');
INSERT INTO public.countries VALUES ('MV', 'AS', 'Republic of Maldives', 'MDV', 'Maldives', '462');
INSERT INTO public.countries VALUES ('ML', 'AF', 'Republic of Mali', 'MLI', 'Mali', '466');
INSERT INTO public.countries VALUES ('MT', 'EU', 'Republic of Malta', 'MLT', 'Malta', '470');
INSERT INTO public.countries VALUES ('MH', 'OC', 'Republic of the Marshall Islands', 'MHL', 'Marshall Islands', '584');
INSERT INTO public.countries VALUES ('MQ', 'NA', 'Martinique', 'MTQ', 'Martinique', '474');
INSERT INTO public.countries VALUES ('MR', 'AF', 'Islamic Republic of Mauritania', 'MRT', 'Mauritania', '478');
INSERT INTO public.countries VALUES ('MU', 'AF', 'Republic of Mauritius', 'MUS', 'Mauritius', '480');
INSERT INTO public.countries VALUES ('YT', 'AF', 'Mayotte', 'MYT', 'Mayotte', '175');
INSERT INTO public.countries VALUES ('MX', 'NA', 'United Mexican States', 'MEX', 'Mexico', '484');
INSERT INTO public.countries VALUES ('FM', 'OC', 'Federated States of Micronesia', 'FSM', 'Micronesia', '583');
INSERT INTO public.countries VALUES ('MD', 'EU', 'Republic of Moldova', 'MDA', 'Moldova', '498');
INSERT INTO public.countries VALUES ('MC', 'EU', 'Principality of Monaco', 'MCO', 'Monaco', '492');
INSERT INTO public.countries VALUES ('MN', 'AS', 'Mongolia', 'MNG', 'Mongolia', '496');
INSERT INTO public.countries VALUES ('ME', 'EU', 'Montenegro', 'MNE', 'Montenegro', '499');
INSERT INTO public.countries VALUES ('MS', 'NA', 'Montserrat', 'MSR', 'Montserrat', '500');
INSERT INTO public.countries VALUES ('MA', 'AF', 'Kingdom of Morocco', 'MAR', 'Morocco', '504');
INSERT INTO public.countries VALUES ('MZ', 'AF', 'Republic of Mozambique', 'MOZ', 'Mozambique', '508');
INSERT INTO public.countries VALUES ('MM', 'AS', 'Republic of the Union of Myanmar', 'MMR', 'Myanmar', '104');
INSERT INTO public.countries VALUES ('NA', 'AF', 'Republic of Namibia', 'NAM', 'Namibia', '516');
INSERT INTO public.countries VALUES ('NR', 'OC', 'Republic of Nauru', 'NRU', 'Nauru', '520');
INSERT INTO public.countries VALUES ('NP', 'AS', 'Nepal', 'NPL', 'Nepal', '524');
INSERT INTO public.countries VALUES ('NL', 'EU', 'Kingdom of the Netherlands', 'NLD', 'Netherlands', '528');
INSERT INTO public.countries VALUES ('NC', 'OC', 'New Caledonia', 'NCL', 'New Caledonia', '540');
INSERT INTO public.countries VALUES ('NZ', 'OC', 'New Zealand', 'NZL', 'New Zealand', '554');
INSERT INTO public.countries VALUES ('NI', 'NA', 'Republic of Nicaragua', 'NIC', 'Nicaragua', '558');
INSERT INTO public.countries VALUES ('NE', 'AF', 'Republic of Niger', 'NER', 'Niger', '562');
INSERT INTO public.countries VALUES ('NG', 'AF', 'Federal Republic of Nigeria', 'NGA', 'Nigeria', '566');
INSERT INTO public.countries VALUES ('NU', 'OC', 'Niue', 'NIU', 'Niue', '570');
INSERT INTO public.countries VALUES ('NF', 'OC', 'Norfolk Island', 'NFK', 'Norfolk Island', '574');
INSERT INTO public.countries VALUES ('MK', 'EU', 'Republic of North Macedonia', 'MKD', 'North Macedonia', '807');
INSERT INTO public.countries VALUES ('MP', 'OC', 'Commonwealth of the Northern Mariana Islands', 'MNP', 'Northern Mariana Islands', '580');
INSERT INTO public.countries VALUES ('NO', 'EU', 'Kingdom of Norway', 'NOR', 'Norway', '578');
INSERT INTO public.countries VALUES ('OM', 'AS', 'Sultanate of Oman', 'OMN', 'Oman', '512');
INSERT INTO public.countries VALUES ('PK', 'AS', 'Islamic Republic of Pakistan', 'PAK', 'Pakistan', '586');
INSERT INTO public.countries VALUES ('PW', 'OC', 'Republic of Palau', 'PLW', 'Palau', '585');
INSERT INTO public.countries VALUES ('PS', 'AS', 'State of Palestine', 'PSE', 'Palestine', '275');
INSERT INTO public.countries VALUES ('PA', 'NA', 'Republic of Panama', 'PAN', 'Panama', '591');
INSERT INTO public.countries VALUES ('PG', 'OC', 'Independent State of Papua New Guinea', 'PNG', 'Papua New Guinea', '598');
INSERT INTO public.countries VALUES ('PY', 'SA', 'Republic of Paraguay', 'PRY', 'Paraguay', '600');
INSERT INTO public.countries VALUES ('PE', 'SA', 'Republic of Peru', 'PER', 'Peru', '604');
INSERT INTO public.countries VALUES ('PH', 'AS', 'Republic of the Philippines', 'PHL', 'Philippines', '608');
INSERT INTO public.countries VALUES ('PN', 'OC', 'Pitcairn Islands', 'PCN', 'Pitcairn Islands', '612');
INSERT INTO public.countries VALUES ('PL', 'EU', 'Republic of Poland', 'POL', 'Poland', '616');
INSERT INTO public.countries VALUES ('PT', 'EU', 'Portuguese Republic', 'PRT', 'Portugal', '620');
INSERT INTO public.countries VALUES ('PR', 'NA', 'Commonwealth of Puerto Rico', 'PRI', 'Puerto Rico', '630');
INSERT INTO public.countries VALUES ('QA', 'AS', 'State of Qatar', 'QAT', 'Qatar', '634');
INSERT INTO public.countries VALUES ('RE', 'AF', 'Réunion', 'REU', 'Réunion', '638');
INSERT INTO public.countries VALUES ('RO', 'EU', 'Romania', 'ROU', 'Romania', '642');
INSERT INTO public.countries VALUES ('RU', 'EU', 'Russian Federation', 'RUS', 'Russian Federation', '643');
INSERT INTO public.countries VALUES ('RW', 'AF', 'Republic of Rwanda', 'RWA', 'Rwanda', '646');
INSERT INTO public.countries VALUES ('BL', 'NA', 'Saint Barthélemy', 'BLM', 'Saint Barthélemy', '652');
INSERT INTO public.countries VALUES ('SH', 'AF', 'Saint Helena, Ascension and Tristan da Cunha', 'SHN', 'Saint Helena, Ascension and Tristan da Cunha', '654');
INSERT INTO public.countries VALUES ('KN', 'NA', 'Federation of Saint Kitts and Nevis', 'KNA', 'Saint Kitts and Nevis', '659');
INSERT INTO public.countries VALUES ('LC', 'NA', 'Saint Lucia', 'LCA', 'Saint Lucia', '662');
INSERT INTO public.countries VALUES ('MF', 'NA', 'Saint Martin (French part)', 'MAF', 'Saint Martin', '663');
INSERT INTO public.countries VALUES ('PM', 'NA', 'Saint Pierre and Miquelon', 'SPM', 'Saint Pierre and Miquelon', '666');
INSERT INTO public.countries VALUES ('VC', 'NA', 'Saint Vincent and the Grenadines', 'VCT', 'Saint Vincent and the Grenadines', '670');
INSERT INTO public.countries VALUES ('WS', 'OC', 'Independent State of Samoa', 'WSM', 'Samoa', '882');
INSERT INTO public.countries VALUES ('SM', 'EU', 'Republic of San Marino', 'SMR', 'San Marino', '674');
INSERT INTO public.countries VALUES ('ST', 'AF', 'Democratic Republic of Sao Tome and Principe', 'STP', 'Sao Tome and Principe', '678');
INSERT INTO public.countries VALUES ('SA', 'AS', 'Kingdom of Saudi Arabia', 'SAU', 'Saudi Arabia', '682');
INSERT INTO public.countries VALUES ('SN', 'AF', 'Republic of Senegal', 'SEN', 'Senegal', '686');
INSERT INTO public.countries VALUES ('RS', 'EU', 'Republic of Serbia', 'SRB', 'Serbia', '688');
INSERT INTO public.countries VALUES ('SC', 'AF', 'Republic of Seychelles', 'SYC', 'Seychelles', '690');
INSERT INTO public.countries VALUES ('SL', 'AF', 'Republic of Sierra Leone', 'SLE', 'Sierra Leone', '694');
INSERT INTO public.countries VALUES ('SG', 'AS', 'Republic of Singapore', 'SGP', 'Singapore', '702');
INSERT INTO public.countries VALUES ('SX', 'NA', 'Sint Maarten (Dutch part)', 'SXM', 'Sint Maarten (Dutch part)', '534');
INSERT INTO public.countries VALUES ('SK', 'EU', 'Slovakia (Slovak Republic)', 'SVK', 'Slovakia (Slovak Republic)', '703');
INSERT INTO public.countries VALUES ('SI', 'EU', 'Republic of Slovenia', 'SVN', 'Slovenia', '705');
INSERT INTO public.countries VALUES ('SB', 'OC', 'Solomon Islands', 'SLB', 'Solomon Islands', '090');
INSERT INTO public.countries VALUES ('SO', 'AF', 'Federal Republic of Somalia', 'SOM', 'Somalia', '706');
INSERT INTO public.countries VALUES ('ZA', 'AF', 'Republic of South Africa', 'ZAF', 'South Africa', '710');
INSERT INTO public.countries VALUES ('GS', 'AN', 'South Georgia and the South Sandwich Islands', 'SGS', 'South Georgia and the South Sandwich Islands', '239');
INSERT INTO public.countries VALUES ('SS', 'AF', 'Republic of South Sudan', 'SSD', 'South Sudan', '728');
INSERT INTO public.countries VALUES ('ES', 'EU', 'Kingdom of Spain', 'ESP', 'Spain', '724');
INSERT INTO public.countries VALUES ('LK', 'AS', 'Democratic Socialist Republic of Sri Lanka', 'LKA', 'Sri Lanka', '144');
INSERT INTO public.countries VALUES ('SD', 'AF', 'Republic of Sudan', 'SDN', 'Sudan', '729');
INSERT INTO public.countries VALUES ('SR', 'SA', 'Republic of Suriname', 'SUR', 'Suriname', '740');
INSERT INTO public.countries VALUES ('SJ', 'EU', 'Svalbard & Jan Mayen Islands', 'SJM', 'Svalbard & Jan Mayen Islands', '744');
INSERT INTO public.countries VALUES ('SZ', 'AF', 'Kingdom of Eswatini', 'SWZ', 'Eswatini', '748');
INSERT INTO public.countries VALUES ('SE', 'EU', 'Kingdom of Sweden', 'SWE', 'Sweden', '752');
INSERT INTO public.countries VALUES ('CH', 'EU', 'Swiss Confederation', 'CHE', 'Switzerland', '756');
INSERT INTO public.countries VALUES ('SY', 'AS', 'Syrian Arab Republic', 'SYR', 'Syrian Arab Republic', '760');
INSERT INTO public.countries VALUES ('TW', 'AS', 'Taiwan, Province of China', 'TWN', 'Taiwan', '158');
INSERT INTO public.countries VALUES ('TJ', 'AS', 'Republic of Tajikistan', 'TJK', 'Tajikistan', '762');
INSERT INTO public.countries VALUES ('TZ', 'AF', 'United Republic of Tanzania', 'TZA', 'Tanzania', '834');
INSERT INTO public.countries VALUES ('TH', 'AS', 'Kingdom of Thailand', 'THA', 'Thailand', '764');
INSERT INTO public.countries VALUES ('TL', 'AS', 'Democratic Republic of Timor-Leste', 'TLS', 'Timor-Leste', '626');
INSERT INTO public.countries VALUES ('TG', 'AF', 'Togolese Republic', 'TGO', 'Togo', '768');
INSERT INTO public.countries VALUES ('TK', 'OC', 'Tokelau', 'TKL', 'Tokelau', '772');
INSERT INTO public.countries VALUES ('TO', 'OC', 'Kingdom of Tonga', 'TON', 'Tonga', '776');
INSERT INTO public.countries VALUES ('TT', 'NA', 'Republic of Trinidad and Tobago', 'TTO', 'Trinidad and Tobago', '780');
INSERT INTO public.countries VALUES ('TN', 'AF', 'Tunisian Republic', 'TUN', 'Tunisia', '788');
INSERT INTO public.countries VALUES ('TR', 'AS', 'Republic of Türkiye', 'TUR', 'Türkiye', '792');
INSERT INTO public.countries VALUES ('TM', 'AS', 'Turkmenistan', 'TKM', 'Turkmenistan', '795');
INSERT INTO public.countries VALUES ('TC', 'NA', 'Turks and Caicos Islands', 'TCA', 'Turks and Caicos Islands', '796');
INSERT INTO public.countries VALUES ('TV', 'OC', 'Tuvalu', 'TUV', 'Tuvalu', '798');
INSERT INTO public.countries VALUES ('UG', 'AF', 'Republic of Uganda', 'UGA', 'Uganda', '800');
INSERT INTO public.countries VALUES ('UA', 'EU', 'Ukraine', 'UKR', 'Ukraine', '804');
INSERT INTO public.countries VALUES ('AE', 'AS', 'United Arab Emirates', 'ARE', 'United Arab Emirates', '784');
INSERT INTO public.countries VALUES ('GB', 'EU', 'United Kingdom of Great Britain & Northern Ireland', 'GBR', 'United Kingdom of Great Britain and Northern Ireland', '826');
INSERT INTO public.countries VALUES ('US', 'NA', 'United States of America', 'USA', 'United States of America', '840');
INSERT INTO public.countries VALUES ('UM', 'OC', 'United States Minor Outlying Islands', 'UMI', 'United States Minor Outlying Islands', '581');
INSERT INTO public.countries VALUES ('VI', 'NA', 'United States Virgin Islands', 'VIR', 'United States Virgin Islands', '850');
INSERT INTO public.countries VALUES ('UY', 'SA', 'Eastern Republic of Uruguay', 'URY', 'Uruguay', '858');
INSERT INTO public.countries VALUES ('UZ', 'AS', 'Republic of Uzbekistan', 'UZB', 'Uzbekistan', '860');
INSERT INTO public.countries VALUES ('VU', 'OC', 'Republic of Vanuatu', 'VUT', 'Vanuatu', '548');
INSERT INTO public.countries VALUES ('VE', 'SA', 'Bolivarian Republic of Venezuela', 'VEN', 'Venezuela', '862');
INSERT INTO public.countries VALUES ('VN', 'AS', 'Socialist Republic of Vietnam', 'VNM', 'Vietnam', '704');
INSERT INTO public.countries VALUES ('WF', 'OC', 'Wallis and Futuna', 'WLF', 'Wallis and Futuna', '876');
INSERT INTO public.countries VALUES ('EH', 'AF', 'Western Sahara', 'ESH', 'Western Sahara', '732');
INSERT INTO public.countries VALUES ('YE', 'AS', 'Yemen', 'YEM', 'Yemen', '887');
INSERT INTO public.countries VALUES ('ZM', 'AF', 'Republic of Zambia', 'ZMB', 'Zambia', '894');
INSERT INTO public.countries VALUES ('ZW', 'AF', 'Republic of Zimbabwe', 'ZWE', 'Zimbabwe', '716');


--
-- TOC entry 5002 (class 0 OID 25922)
-- Dependencies: 224
-- Data for Name: film; Type: TABLE DATA; Schema: public; Owner: postgres
--

INSERT INTO public.film VALUES (137113, '2026-05-15', 114, '/nBM9MMa2WCwvMG4IJ3eiGUdbPe6.jpg', 2014, 'Edge of Tomorrow');
INSERT INTO public.film VALUES (762504, '2026-05-15', 130, '/AcKVlWaNVVVFQwro3nLXqPljcYA.jpg', 2022, 'Nope');
INSERT INTO public.film VALUES (82690, '2026-05-15', 101, '/fiHyt6UmG4yjcXFt9Cbpw6OedHh.jpg', 2012, 'Wreck-It Ralph');
INSERT INTO public.film VALUES (1949, '2026-05-15', 157, '/6YmeO4pB7XTh8P8F960O1uA14JO.jpg', 2007, 'Zodiac');
INSERT INTO public.film VALUES (700391, '2026-05-15', 92, '/rzRb63TldOKdKydCvWJM8B6EkPM.jpg', 2023, '65');
INSERT INTO public.film VALUES (11202, '2026-05-15', 172, '/rLM7jIEPTjj4CF7F1IrzzNjLUCu.jpg', 1970, 'Patton');
INSERT INTO public.film VALUES (11971, '2026-05-15', 111, '/tvltGP6vYOkHdURag0jPSjhPUAV.jpg', 1993, 'Much Ado About Nothing');
INSERT INTO public.film VALUES (493922, '2026-05-15', 128, '/hjlZSXM86wJrfCv5VKfR5DI2VeU.jpg', 2018, 'Hereditary');
INSERT INTO public.film VALUES (5503, '2026-05-15', 131, '/b3rEtLKyOnF89mcK75GXDXdmOEf.jpg', 1993, 'The Fugitive');
INSERT INTO public.film VALUES (85, '2026-05-15', 115, '/ceG9VzoRAVGwivFU403Wc3AHRys.jpg', 1981, 'Raiders of the Lost Ark');
INSERT INTO public.film VALUES (11423, '2026-05-15', 131, '/dsEoTJKM1s5OVDkS2P2JdoTxo4K.jpg', 2003, 'Memories of Murder');
INSERT INTO public.film VALUES (76341, '2026-05-15', 121, '/hA2ple9q4qnwxp3hKVNhroipsir.jpg', 2015, 'Mad Max: Fury Road');
INSERT INTO public.film VALUES (11, '2026-05-15', 121, '/6FfCtAuVAW8XJjZ7eWeLibRLWTw.jpg', 1977, 'Star Wars');
INSERT INTO public.film VALUES (1891, '2026-05-15', 124, '/nNAeTmF4CtdSgMDplXTDPOpYzsX.jpg', 1980, 'The Empire Strikes Back');
INSERT INTO public.film VALUES (315162, '2026-05-15', 103, '/kuf6dutpsT0vSVehic3EZIqkOBt.jpg', 2022, 'Puss in Boots: The Last Wish');
INSERT INTO public.film VALUES (120, '2026-05-15', 179, '/6oom5QYQ2yQTMJIbnvbkBL9cHo6.jpg', 2001, 'The Lord of the Rings: The Fellowship of the Ring');
INSERT INTO public.film VALUES (1726, '2026-05-15', 126, '/78lPtwv72eTNqFW9COBYI0dWDJa.jpg', 2008, 'Iron Man');
INSERT INTO public.film VALUES (13435, '2026-05-15', 120, '/j9lCK1aFXqMO3hzhGiqCNU8coIX.jpg', 2002, 'Antwone Fisher');
INSERT INTO public.film VALUES (109091, '2026-05-15', 117, '/aNiLkGnzVb5CorZHKk16w9S4COt.jpg', 2013, 'The Counselor');
INSERT INTO public.film VALUES (7510, '2026-05-15', 122, '/pbWUFYyyZzawsYljkbIKmDxQN8Y.jpg', 2006, 'Running with Scissors');
INSERT INTO public.film VALUES (583, '2026-05-15', 94, '/lSSA64WF0M0BXnjwr2quMh6shCl.jpg', 1979, 'Life of Brian');
INSERT INTO public.film VALUES (11072, '2026-05-15', 93, '/vNw1gOEDdYTDeNMuuq8OmiEHrfH.jpg', 1974, 'Blazing Saddles');
INSERT INTO public.film VALUES (33644, '2026-05-15', 124, '/ygmuaJDLYxWJo8eNhq0A63hagrQ.jpg', 1998, 'How Stella Got Her Groove Back');
INSERT INTO public.film VALUES (10539, '2026-05-15', 79, '/vNEGobe23vW43mSPYVaVaBLP6qV.jpg', 1996, 'James and the Giant Peach');
INSERT INTO public.film VALUES (753342, '2026-05-15', 158, '/ytFOXyghxLzAM4KZyazDdEkM66q.jpg', 2023, 'Napoleon');
INSERT INTO public.film VALUES (12106, '2026-05-15', 107, '/yxKhjWsFTyegjD7vDAg7jSN2uv3.jpg', 1995, 'The Quick and the Dead');
INSERT INTO public.film VALUES (64690, '2026-05-15', 100, '/602vevIURmpDfzbnv5Ubi6wIkQm.jpg', 2011, 'Drive');
INSERT INTO public.film VALUES (94329, '2026-05-15', 101, '/Abnm1Ws3JH0ReCfEhLMPwPcMcGO.jpg', 2012, 'The Raid');
INSERT INTO public.film VALUES (324857, '2026-05-15', 117, '/iiZZdoQBEYBv6id8su7ImL0oCbD.jpg', 2018, 'Spider-Man: Into the Spider-Verse');
INSERT INTO public.film VALUES (359940, '2026-05-15', 115, '/bRYLt8fV82tdVoDppSFTZIcJiLN.jpg', 2017, 'Three Billboards Outside Ebbing, Missouri');
INSERT INTO public.film VALUES (569094, '2026-05-15', 140, '/8Vt6mWEReuy4Of61Lnj5Xj704m8.jpg', 2023, 'Spider-Man: Across the Spider-Verse');
INSERT INTO public.film VALUES (693134, '2026-05-15', 167, '/1pdfLvkbY9ohJlCjQH2CZjjYVvJ.jpg', 2024, 'Dune: Part Two');
INSERT INTO public.film VALUES (98, '2026-05-15', 155, '/wN2xWp1eIwCKOD0BHTcErTBv1Uq.jpg', 2000, 'Gladiator');
INSERT INTO public.film VALUES (1366, '2026-05-15', 120, '/hEjK9A9BkNXejFW4tfacVAEHtkn.jpg', 1976, 'Rocky');
INSERT INTO public.film VALUES (49849, '2026-05-15', 119, '/9uZsGCP4rvOHVGCpMpYq5gNCuNI.jpg', 2011, 'Cowboys & Aliens');
INSERT INTO public.film VALUES (1368, '2026-05-15', 93, '/dR5fbo0ry5TsC7euEXFUkx2QzVk.jpg', 1982, 'First Blood');
INSERT INTO public.film VALUES (11199, '2026-05-15', 100, '/qYyPCZcpNGZwbyBo1gwdCiW5hHC.jpg', 2007, 'Wild Hogs');
INSERT INTO public.film VALUES (17431, '2026-05-15', 97, '/35IU0Mq0zFsN1mYwDGts5mKc77n.jpg', 2009, 'Moon');
INSERT INTO public.film VALUES (10440, '2026-05-15', 104, '/zrzBIlMyAP7Ac9W5qAy5ssAUdK4.jpg', 1993, 'Manhattan Murder Mystery');
INSERT INTO public.film VALUES (135397, '2026-05-15', 124, '/rhr4y79GpxQF9IsfJItRXVaoGs4.jpg', 2015, 'Jurassic World');
INSERT INTO public.film VALUES (68718, '2026-05-15', 165, '/7oWY8VDWW7thTzWh3OKYRkWUlD5.jpg', 2012, 'Django Unchained');
INSERT INTO public.film VALUES (86838, '2026-05-15', 110, '/4ukEYAxlSivFcDG6vLxJB6PjTjg.jpg', 2012, 'Seven Psychopaths');
INSERT INTO public.film VALUES (343611, '2026-05-15', 118, '/cOg3UT2NYWHZxp41vpxAnVCOC4M.jpg', 2016, 'Jack Reacher: Never Go Back');
INSERT INTO public.film VALUES (601, '2026-05-15', 115, '/an0nD6uq6byfxXCfk6lQBzdL2J1.jpg', 1982, 'E.T. the Extra-Terrestrial');
INSERT INTO public.film VALUES (399174, '2026-05-15', 101, '/c0nUX6Q1ZB0P2t1Jo6EeFSVnOGQ.jpg', 2018, 'Isle of Dogs');
INSERT INTO public.film VALUES (2502, '2026-05-15', 108, '/jupG9sFT64YwM8PSkwkUD2wHcYD.jpg', 2004, 'The Bourne Supremacy');
INSERT INTO public.film VALUES (2503, '2026-05-15', 115, '/15rMz5MRXFp7CP4VxhjYw4y0FUn.jpg', 2007, 'The Bourne Ultimatum');
INSERT INTO public.film VALUES (2501, '2026-05-15', 119, '/aP8swke3gmowbkfZ6lmNidu0y9p.jpg', 2002, 'The Bourne Identity');
INSERT INTO public.film VALUES (391713, '2026-05-15', 94, '/gl66K7zRdtNYGrxyS2YDUP5ASZd.jpg', 2017, 'Lady Bird');
INSERT INTO public.film VALUES (522627, '2026-05-15', 113, '/jtrhTYB7xSrJxR1vusu99nvnZ1g.jpg', 2020, 'The Gentlemen');
INSERT INTO public.film VALUES (11621, '2026-05-15', 93, '/8mIvSvnVBApfORL9N6S38Q7wD6A.jpg', 1992, 'Porco Rosso');
INSERT INTO public.film VALUES (109410, '2026-05-15', 128, '/iZ7jVGQWj3eBUdqwAPUlKk0BaS2.jpg', 2013, '42');
INSERT INTO public.film VALUES (81728, '2026-05-15', 100, '/y0Ki6pjgZoiBvynobNm49qfg1hZ.jpg', 2006, 'The Decemberists: A Practical Handbook');
INSERT INTO public.film VALUES (14164, '2026-05-15', 85, '/sunS9xhPnFNP5wlOWrvbpBteAB.jpg', 2009, 'Dragonball Evolution');
INSERT INTO public.film VALUES (9323, '2026-05-15', 83, '/9gC88zYUBARRSThcG93MvW14sqx.jpg', 1995, 'Ghost in the Shell');
INSERT INTO public.film VALUES (920, '2026-05-15', 117, '/2Touk3m5gzsqr1VsvxypdyHY5ci.jpg', 2006, 'Cars');
INSERT INTO public.film VALUES (27579, '2026-05-15', 104, '/5OEOsRaBsSxD0qBtAhus0iKDzr.jpg', 2010, 'The American');
INSERT INTO public.film VALUES (10191, '2026-05-15', 98, '/ygGmAO60t8GyqUo9xYeYxSZAR3b.jpg', 2010, 'How to Train Your Dragon');
INSERT INTO public.film VALUES (78, '2026-05-15', 118, '/63N9uy8nd9j7Eog2axPQ8lbr3Wj.jpg', 1982, 'Blade Runner');
INSERT INTO public.film VALUES (209112, '2026-05-15', 152, '/5UsK3grJvtQrtzEgqNlDljJW96w.jpg', 2016, 'Batman v Superman: Dawn of Justice');
INSERT INTO public.film VALUES (330459, '2026-05-15', 133, '/i0yw1mFbB7sNGHCs7EXZPzFkdA1.jpg', 2016, 'Rogue One: A Star Wars Story');
INSERT INTO public.film VALUES (1359, '2026-05-15', 102, '/9uGHEgsiUXjCNq8wdq4r49YL8A1.jpg', 2000, 'American Psycho');
INSERT INTO public.film VALUES (244786, '2026-05-15', 107, '/7fn624j5lj3xTme2SgiLCeuedmO.jpg', 2014, 'Whiplash');
INSERT INTO public.film VALUES (161, '2026-05-15', 116, '/hQQCdZrsHtZyR6NbKH2YyCqd2fR.jpg', 2001, 'Ocean''s Eleven');
INSERT INTO public.film VALUES (81, '2026-05-15', 117, '/tcrkfB8SRPQCgwI88hQScua6nxh.jpg', 1984, 'Nausicaä of the Valley of the Wind');
INSERT INTO public.film VALUES (7345, '2026-05-15', 158, '/fa0RDkAlCec0STeMNAhPaF89q6U.jpg', 2007, 'There Will Be Blood');
INSERT INTO public.film VALUES (490132, '2026-05-15', 130, '/7BsvSuDQuoqhWmU2fL7W2GOcZHU.jpg', 2018, 'Green Book');
INSERT INTO public.film VALUES (11878, '2026-05-15', 110, '/tN7kYPjRhDolpui9sc9Eq9n5b2O.jpg', 1961, 'Yojimbo');
INSERT INTO public.film VALUES (945961, '2026-05-15', 119, '/2uSWRTtCG336nuBiG8jOTEUKSy8.jpg', 2024, 'Alien: Romulus');
INSERT INTO public.film VALUES (1061474, '2026-05-15', 130, '/ldyfo0BKmz5rWtJJKCvwaNS4cJT.jpg', 2025, 'Superman');
INSERT INTO public.film VALUES (278, '2026-05-15', 142, '/9cqNxx0GxF0bflZmeSMuL5tnGzr.jpg', 1994, 'The Shawshank Redemption');
INSERT INTO public.film VALUES (12429, '2026-05-15', 100, '/yp8vEZflGynlEylxEesbYasc06i.jpg', 2008, 'Ponyo');
INSERT INTO public.film VALUES (11472, '2026-05-15', 103, '/y3VwPenHpiuIGb0fhgyt7PXZKLB.jpg', 1995, 'Nine Months');
INSERT INTO public.film VALUES (116745, '2026-05-15', 114, '/iAo1hlzsPV9XpYcLQp6Ud065tGO.jpg', 2013, 'The Secret Life of Walter Mitty');
INSERT INTO public.film VALUES (10386, '2026-05-15', 86, '/ct04FCFLPImNG5thcPLRnVsZlmS.jpg', 1999, 'The Iron Giant');
INSERT INTO public.film VALUES (1376434, '2026-05-15', 85, '/2XDQa6EmFHSA37j1t0w88vpWqj9.jpg', 2025, 'Predator: Killer of Killers');
INSERT INTO public.film VALUES (27578, '2026-05-15', 103, '/j09ZkH6R4JWVylBcDai1laCmGw7.jpg', 2010, 'The Expendables');
INSERT INTO public.film VALUES (586863, '2026-05-15', 104, '/2ZQV9rPFXF0iFfKbsAvVIweQ1yM.jpg', 2019, 'Les Misérables');
INSERT INTO public.film VALUES (146233, '2026-05-15', 153, '/jsS3a3ep2KyBVmmiwaz3LvK49b1.jpg', 2013, 'Prisoners');
INSERT INTO public.film VALUES (270946, '2026-05-15', 92, '/dXbpNrPDZDMEbujFoOxmMNQVMHa.jpg', 2014, 'Penguins of Madagascar');
INSERT INTO public.film VALUES (333484, '2026-05-15', 132, '/ezcS78TIjgr85pVdaPDd2rSPVNs.jpg', 2016, 'The Magnificent Seven');
INSERT INTO public.film VALUES (187, '2026-05-15', 124, '/i66G50wATMmPrvpP95f0XP6ZdVS.jpg', 2005, 'Sin City');
INSERT INTO public.film VALUES (782, '2026-05-15', 107, '/eSKr5Fl1MEC7zpAXaLWBWSBjgJq.jpg', 1997, 'Gattaca');
INSERT INTO public.film VALUES (1234821, '2026-05-15', 134, '/1RICxzeoNCAO5NpcRMIgg1XT6fm.jpg', 2025, 'Jurassic World Rebirth');
INSERT INTO public.film VALUES (1214931, '2026-05-15', 149, '/7cWTGH2svfNHWVRjsfKIBob9pDj.jpg', 2025, 'Nuremberg');
INSERT INTO public.film VALUES (296098, '2026-05-15', 141, '/fmOOjHAQzxr0c1sfcY4qkiSRBH6.jpg', 2015, 'Bridge of Spies');
INSERT INTO public.film VALUES (1242898, '2026-05-15', 107, '/pHpq9yNUIo6aDoCXEBzjSolywgz.jpg', 2025, 'Predator: Badlands');
INSERT INTO public.film VALUES (9377, '2026-05-15', 103, '/9LTQNCvoLsKXP0LtaKAaYVtRaQL.jpg', 1986, 'Ferris Bueller''s Day Off');
INSERT INTO public.film VALUES (438631, '2026-05-15', 155, '/gDzOcq0pfeCeqMBwKIJlSmQpjkZ.jpg', 2021, 'Dune');
INSERT INTO public.film VALUES (813, '2026-05-15', 88, '/7Q3efxd3AF1vQjlSxnlerSA7RzN.jpg', 1980, 'Airplane!');
INSERT INTO public.film VALUES (205596, '2026-05-15', 113, '/zSqJ1qFq8NXFfi7JeIYMlzyR0dx.jpg', 2014, 'The Imitation Game');
INSERT INTO public.film VALUES (1233413, '2026-05-15', 138, '/fWPgbnt2LSqkQ6cdQc0SZN9CpLm.jpg', 2025, 'Sinners');
INSERT INTO public.film VALUES (273481, '2026-05-15', 122, '/lz8vNyXeidqqOdJW9ZjnDAMb5Vr.jpg', 2015, 'Sicario');
INSERT INTO public.film VALUES (400535, '2026-05-15', 122, '/qcLYofEhNh51Sk1jUWjmKHLzkqw.jpg', 2018, 'Sicario: Day of the Soldado');
INSERT INTO public.film VALUES (8963, '2026-05-15', 116, '/21nqRJ6ofEgVvEl68J4O9V26Xzy.jpg', 1995, 'Crimson Tide');
INSERT INTO public.film VALUES (558449, '2026-05-15', 148, '/2cxhvwyEwRlysAmRH4iodkvo0z5.jpg', 2024, 'Gladiator II');
INSERT INTO public.film VALUES (324552, '2026-05-15', 122, '/hXWBc0ioZP3cN4zCu6SN3YHXZVO.jpg', 2017, 'John Wick: Chapter 2');
INSERT INTO public.film VALUES (718789, '2026-05-15', 105, '/b9t3w1loraDh7hjdWmpc9ZsaYns.jpg', 2022, 'Lightyear');
INSERT INTO public.film VALUES (329865, '2026-05-15', 116, '/pEzNVQfdzYDzVK0XqxERIw2x2se.jpg', 2016, 'Arrival');
INSERT INTO public.film VALUES (18886, '2026-05-15', 115, '/tzjCePBItSRfZxLnOd3KBGHQIJl.jpg', 1991, 'Flight of the Intruder');
INSERT INTO public.film VALUES (2048, '2026-05-15', 115, '/efwv6F2lGaghjPpBRSINHtoEiZB.jpg', 2004, 'I, Robot');
INSERT INTO public.film VALUES (68726, '2026-05-15', 131, '/8wo4eN8dWKaKlxhSvBz19uvj8gA.jpg', 2013, 'Pacific Rim');
INSERT INTO public.film VALUES (397567, '2026-05-15', 139, '/gJSvIsI6oQfFim0PGyuuiCYfqKs.jpg', 2017, 'Along with the Gods: The Two Worlds');
INSERT INTO public.film VALUES (272, '2026-05-15', 140, '/sPX89Td70IDDjVr85jdSBb4rWGr.jpg', 2005, 'Batman Begins');
INSERT INTO public.film VALUES (11697, '2026-05-15', 123, '/4C1R0LEivLjbv3swAzJfzh0tzXl.jpg', 1962, 'The Man Who Shot Liberty Valance');
INSERT INTO public.film VALUES (11975, '2026-05-15', 135, '/twLGHXPjQtS8UyVGp5GXmhJiTM7.jpg', 1997, 'The Rainmaker');
INSERT INTO public.film VALUES (22, '2026-05-15', 143, '/kvDwL2gTf6yxujbsWbsGQB3Z9Wa.jpg', 2003, 'Pirates of the Caribbean: The Curse of the Black Pearl');
INSERT INTO public.film VALUES (238, '2026-05-15', 175, '/3bhkrj58Vtu7enYsRolD1fZdja1.jpg', 1972, 'The Godfather');
INSERT INTO public.film VALUES (240, '2026-05-15', 202, '/hek3koDUyRQk7FIhPXsa6mT2Zc3.jpg', 1974, 'The Godfather Part II');
INSERT INTO public.film VALUES (903, '2026-05-15', 127, '/4ykzTiHKLamh3eZJ8orVICtU2Jp.jpg', 1967, 'Cool Hand Luke');
INSERT INTO public.film VALUES (116149, '2026-05-15', 95, '/wpchRGhRhvhtU083PfX2yixXtiw.jpg', 2014, 'Paddington');
INSERT INTO public.film VALUES (687163, '2026-05-17', 157, '/yihdXomYb5kTeSivtFndMy5iDmf.jpg', 2026, 'Project Hail Mary');
INSERT INTO public.film VALUES (1226863, '2026-05-17', 98, '/eJGWx219ZcEMVQJhAgMiqo8tYY.jpg', 2026, 'The Super Mario Galaxy Movie');


--
-- TOC entry 5003 (class 0 OID 25932)
-- Dependencies: 225
-- Data for Name: film_countries; Type: TABLE DATA; Schema: public; Owner: postgres
--

INSERT INTO public.film_countries VALUES (137113, 'US');
INSERT INTO public.film_countries VALUES (762504, 'US');
INSERT INTO public.film_countries VALUES (82690, 'US');
INSERT INTO public.film_countries VALUES (1949, 'US');
INSERT INTO public.film_countries VALUES (700391, 'US');
INSERT INTO public.film_countries VALUES (700391, 'CA');
INSERT INTO public.film_countries VALUES (11202, 'US');
INSERT INTO public.film_countries VALUES (11971, 'US');
INSERT INTO public.film_countries VALUES (11971, 'GB');
INSERT INTO public.film_countries VALUES (493922, 'US');
INSERT INTO public.film_countries VALUES (493922, 'GB');
INSERT INTO public.film_countries VALUES (5503, 'US');
INSERT INTO public.film_countries VALUES (85, 'US');
INSERT INTO public.film_countries VALUES (11423, 'KR');
INSERT INTO public.film_countries VALUES (76341, 'US');
INSERT INTO public.film_countries VALUES (76341, 'AU');
INSERT INTO public.film_countries VALUES (11, 'US');
INSERT INTO public.film_countries VALUES (1891, 'US');
INSERT INTO public.film_countries VALUES (315162, 'US');
INSERT INTO public.film_countries VALUES (120, 'US');
INSERT INTO public.film_countries VALUES (120, 'NZ');
INSERT INTO public.film_countries VALUES (1726, 'US');
INSERT INTO public.film_countries VALUES (13435, 'US');
INSERT INTO public.film_countries VALUES (109091, 'US');
INSERT INTO public.film_countries VALUES (109091, 'GB');
INSERT INTO public.film_countries VALUES (7510, 'US');
INSERT INTO public.film_countries VALUES (583, 'GB');
INSERT INTO public.film_countries VALUES (11072, 'US');
INSERT INTO public.film_countries VALUES (33644, 'US');
INSERT INTO public.film_countries VALUES (10539, 'US');
INSERT INTO public.film_countries VALUES (753342, 'US');
INSERT INTO public.film_countries VALUES (12106, 'US');
INSERT INTO public.film_countries VALUES (12106, 'JP');
INSERT INTO public.film_countries VALUES (64690, 'US');
INSERT INTO public.film_countries VALUES (94329, 'FR');
INSERT INTO public.film_countries VALUES (94329, 'ID');
INSERT INTO public.film_countries VALUES (94329, 'US');
INSERT INTO public.film_countries VALUES (324857, 'US');
INSERT INTO public.film_countries VALUES (359940, 'GB');
INSERT INTO public.film_countries VALUES (359940, 'US');
INSERT INTO public.film_countries VALUES (569094, 'US');
INSERT INTO public.film_countries VALUES (693134, 'US');
INSERT INTO public.film_countries VALUES (98, 'GB');
INSERT INTO public.film_countries VALUES (98, 'US');
INSERT INTO public.film_countries VALUES (1366, 'US');
INSERT INTO public.film_countries VALUES (49849, 'IN');
INSERT INTO public.film_countries VALUES (49849, 'US');
INSERT INTO public.film_countries VALUES (1368, 'US');
INSERT INTO public.film_countries VALUES (11199, 'US');
INSERT INTO public.film_countries VALUES (17431, 'GB');
INSERT INTO public.film_countries VALUES (17431, 'US');
INSERT INTO public.film_countries VALUES (10440, 'US');
INSERT INTO public.film_countries VALUES (135397, 'US');
INSERT INTO public.film_countries VALUES (68718, 'US');
INSERT INTO public.film_countries VALUES (86838, 'GB');
INSERT INTO public.film_countries VALUES (86838, 'US');
INSERT INTO public.film_countries VALUES (343611, 'CN');
INSERT INTO public.film_countries VALUES (343611, 'US');
INSERT INTO public.film_countries VALUES (601, 'US');
INSERT INTO public.film_countries VALUES (399174, 'US');
INSERT INTO public.film_countries VALUES (399174, 'DE');
INSERT INTO public.film_countries VALUES (2502, 'US');
INSERT INTO public.film_countries VALUES (2503, 'GB');
INSERT INTO public.film_countries VALUES (2503, 'US');
INSERT INTO public.film_countries VALUES (2501, 'CZ');
INSERT INTO public.film_countries VALUES (2501, 'US');
INSERT INTO public.film_countries VALUES (2501, 'DE');
INSERT INTO public.film_countries VALUES (391713, 'US');
INSERT INTO public.film_countries VALUES (522627, 'GB');
INSERT INTO public.film_countries VALUES (522627, 'US');
INSERT INTO public.film_countries VALUES (11621, 'JP');
INSERT INTO public.film_countries VALUES (109410, 'US');
INSERT INTO public.film_countries VALUES (14164, 'GB');
INSERT INTO public.film_countries VALUES (14164, 'HK');
INSERT INTO public.film_countries VALUES (14164, 'US');
INSERT INTO public.film_countries VALUES (9323, 'GB');
INSERT INTO public.film_countries VALUES (9323, 'JP');
INSERT INTO public.film_countries VALUES (920, 'US');
INSERT INTO public.film_countries VALUES (27579, 'GB');
INSERT INTO public.film_countries VALUES (27579, 'US');
INSERT INTO public.film_countries VALUES (10191, 'US');
INSERT INTO public.film_countries VALUES (78, 'GB');
INSERT INTO public.film_countries VALUES (78, 'HK');
INSERT INTO public.film_countries VALUES (78, 'US');
INSERT INTO public.film_countries VALUES (209112, 'US');
INSERT INTO public.film_countries VALUES (330459, 'US');
INSERT INTO public.film_countries VALUES (1359, 'CA');
INSERT INTO public.film_countries VALUES (1359, 'US');
INSERT INTO public.film_countries VALUES (244786, 'US');
INSERT INTO public.film_countries VALUES (161, 'US');
INSERT INTO public.film_countries VALUES (81, 'JP');
INSERT INTO public.film_countries VALUES (7345, 'US');
INSERT INTO public.film_countries VALUES (490132, 'US');
INSERT INTO public.film_countries VALUES (11878, 'JP');
INSERT INTO public.film_countries VALUES (945961, 'US');
INSERT INTO public.film_countries VALUES (1061474, 'US');
INSERT INTO public.film_countries VALUES (278, 'US');
INSERT INTO public.film_countries VALUES (12429, 'JP');
INSERT INTO public.film_countries VALUES (11472, 'US');
INSERT INTO public.film_countries VALUES (116745, 'GB');
INSERT INTO public.film_countries VALUES (116745, 'US');
INSERT INTO public.film_countries VALUES (10386, 'US');
INSERT INTO public.film_countries VALUES (1376434, 'US');
INSERT INTO public.film_countries VALUES (27578, 'DE');
INSERT INTO public.film_countries VALUES (27578, 'BG');
INSERT INTO public.film_countries VALUES (27578, 'US');
INSERT INTO public.film_countries VALUES (586863, 'FR');
INSERT INTO public.film_countries VALUES (146233, 'US');
INSERT INTO public.film_countries VALUES (270946, 'US');
INSERT INTO public.film_countries VALUES (333484, 'US');
INSERT INTO public.film_countries VALUES (187, 'US');
INSERT INTO public.film_countries VALUES (782, 'US');
INSERT INTO public.film_countries VALUES (1234821, 'US');
INSERT INTO public.film_countries VALUES (1214931, 'HU');
INSERT INTO public.film_countries VALUES (1214931, 'US');
INSERT INTO public.film_countries VALUES (296098, 'DE');
INSERT INTO public.film_countries VALUES (296098, 'US');
INSERT INTO public.film_countries VALUES (1242898, 'US');
INSERT INTO public.film_countries VALUES (9377, 'US');
INSERT INTO public.film_countries VALUES (438631, 'US');
INSERT INTO public.film_countries VALUES (813, 'US');
INSERT INTO public.film_countries VALUES (205596, 'GB');
INSERT INTO public.film_countries VALUES (205596, 'US');
INSERT INTO public.film_countries VALUES (1233413, 'US');
INSERT INTO public.film_countries VALUES (273481, 'US');
INSERT INTO public.film_countries VALUES (400535, 'US');
INSERT INTO public.film_countries VALUES (400535, 'MX');
INSERT INTO public.film_countries VALUES (8963, 'FR');
INSERT INTO public.film_countries VALUES (8963, 'US');
INSERT INTO public.film_countries VALUES (558449, 'US');
INSERT INTO public.film_countries VALUES (324552, 'US');
INSERT INTO public.film_countries VALUES (718789, 'US');
INSERT INTO public.film_countries VALUES (329865, 'US');
INSERT INTO public.film_countries VALUES (18886, 'US');
INSERT INTO public.film_countries VALUES (2048, 'DE');
INSERT INTO public.film_countries VALUES (2048, 'CA');
INSERT INTO public.film_countries VALUES (2048, 'US');
INSERT INTO public.film_countries VALUES (68726, 'US');
INSERT INTO public.film_countries VALUES (397567, 'KR');
INSERT INTO public.film_countries VALUES (272, 'GB');
INSERT INTO public.film_countries VALUES (272, 'US');
INSERT INTO public.film_countries VALUES (11697, 'US');
INSERT INTO public.film_countries VALUES (11975, 'US');
INSERT INTO public.film_countries VALUES (22, 'US');
INSERT INTO public.film_countries VALUES (238, 'US');
INSERT INTO public.film_countries VALUES (240, 'US');
INSERT INTO public.film_countries VALUES (903, 'US');
INSERT INTO public.film_countries VALUES (116149, 'FR');
INSERT INTO public.film_countries VALUES (116149, 'GB');
INSERT INTO public.film_countries VALUES (687163, 'US');
INSERT INTO public.film_countries VALUES (1226863, 'JP');
INSERT INTO public.film_countries VALUES (1226863, 'US');


--
-- TOC entry 5004 (class 0 OID 25939)
-- Dependencies: 226
-- Data for Name: film_genres; Type: TABLE DATA; Schema: public; Owner: postgres
--

INSERT INTO public.film_genres VALUES (137113, 878);
INSERT INTO public.film_genres VALUES (137113, 28);
INSERT INTO public.film_genres VALUES (762504, 878);
INSERT INTO public.film_genres VALUES (762504, 27);
INSERT INTO public.film_genres VALUES (82690, 12);
INSERT INTO public.film_genres VALUES (82690, 10751);
INSERT INTO public.film_genres VALUES (82690, 16);
INSERT INTO public.film_genres VALUES (82690, 35);
INSERT INTO public.film_genres VALUES (1949, 9648);
INSERT INTO public.film_genres VALUES (1949, 53);
INSERT INTO public.film_genres VALUES (1949, 80);
INSERT INTO public.film_genres VALUES (700391, 12);
INSERT INTO public.film_genres VALUES (700391, 878);
INSERT INTO public.film_genres VALUES (700391, 28);
INSERT INTO public.film_genres VALUES (11202, 10752);
INSERT INTO public.film_genres VALUES (11202, 36);
INSERT INTO public.film_genres VALUES (11202, 18);
INSERT INTO public.film_genres VALUES (11971, 35);
INSERT INTO public.film_genres VALUES (11971, 10749);
INSERT INTO public.film_genres VALUES (11971, 18);
INSERT INTO public.film_genres VALUES (493922, 9648);
INSERT INTO public.film_genres VALUES (493922, 53);
INSERT INTO public.film_genres VALUES (493922, 27);
INSERT INTO public.film_genres VALUES (5503, 53);
INSERT INTO public.film_genres VALUES (5503, 28);
INSERT INTO public.film_genres VALUES (5503, 18);
INSERT INTO public.film_genres VALUES (85, 12);
INSERT INTO public.film_genres VALUES (85, 28);
INSERT INTO public.film_genres VALUES (11423, 53);
INSERT INTO public.film_genres VALUES (11423, 80);
INSERT INTO public.film_genres VALUES (11423, 18);
INSERT INTO public.film_genres VALUES (76341, 12);
INSERT INTO public.film_genres VALUES (76341, 878);
INSERT INTO public.film_genres VALUES (76341, 28);
INSERT INTO public.film_genres VALUES (11, 12);
INSERT INTO public.film_genres VALUES (11, 878);
INSERT INTO public.film_genres VALUES (11, 28);
INSERT INTO public.film_genres VALUES (1891, 12);
INSERT INTO public.film_genres VALUES (1891, 878);
INSERT INTO public.film_genres VALUES (1891, 28);
INSERT INTO public.film_genres VALUES (315162, 12);
INSERT INTO public.film_genres VALUES (315162, 10751);
INSERT INTO public.film_genres VALUES (315162, 16);
INSERT INTO public.film_genres VALUES (315162, 14);
INSERT INTO public.film_genres VALUES (315162, 35);
INSERT INTO public.film_genres VALUES (120, 12);
INSERT INTO public.film_genres VALUES (120, 14);
INSERT INTO public.film_genres VALUES (120, 28);
INSERT INTO public.film_genres VALUES (1726, 878);
INSERT INTO public.film_genres VALUES (1726, 12);
INSERT INTO public.film_genres VALUES (1726, 28);
INSERT INTO public.film_genres VALUES (13435, 36);
INSERT INTO public.film_genres VALUES (13435, 10749);
INSERT INTO public.film_genres VALUES (13435, 18);
INSERT INTO public.film_genres VALUES (109091, 53);
INSERT INTO public.film_genres VALUES (109091, 80);
INSERT INTO public.film_genres VALUES (109091, 18);
INSERT INTO public.film_genres VALUES (7510, 35);
INSERT INTO public.film_genres VALUES (7510, 18);
INSERT INTO public.film_genres VALUES (583, 35);
INSERT INTO public.film_genres VALUES (11072, 37);
INSERT INTO public.film_genres VALUES (11072, 35);
INSERT INTO public.film_genres VALUES (33644, 35);
INSERT INTO public.film_genres VALUES (33644, 10749);
INSERT INTO public.film_genres VALUES (33644, 18);
INSERT INTO public.film_genres VALUES (10539, 12);
INSERT INTO public.film_genres VALUES (10539, 10751);
INSERT INTO public.film_genres VALUES (10539, 16);
INSERT INTO public.film_genres VALUES (10539, 14);
INSERT INTO public.film_genres VALUES (753342, 10752);
INSERT INTO public.film_genres VALUES (753342, 36);
INSERT INTO public.film_genres VALUES (753342, 10749);
INSERT INTO public.film_genres VALUES (12106, 18);
INSERT INTO public.film_genres VALUES (12106, 10749);
INSERT INTO public.film_genres VALUES (12106, 53);
INSERT INTO public.film_genres VALUES (12106, 28);
INSERT INTO public.film_genres VALUES (12106, 37);
INSERT INTO public.film_genres VALUES (64690, 80);
INSERT INTO public.film_genres VALUES (64690, 18);
INSERT INTO public.film_genres VALUES (64690, 53);
INSERT INTO public.film_genres VALUES (94329, 80);
INSERT INTO public.film_genres VALUES (94329, 28);
INSERT INTO public.film_genres VALUES (94329, 53);
INSERT INTO public.film_genres VALUES (324857, 12);
INSERT INTO public.film_genres VALUES (324857, 16);
INSERT INTO public.film_genres VALUES (324857, 28);
INSERT INTO public.film_genres VALUES (324857, 878);
INSERT INTO public.film_genres VALUES (359940, 80);
INSERT INTO public.film_genres VALUES (359940, 18);
INSERT INTO public.film_genres VALUES (569094, 12);
INSERT INTO public.film_genres VALUES (569094, 16);
INSERT INTO public.film_genres VALUES (569094, 28);
INSERT INTO public.film_genres VALUES (569094, 878);
INSERT INTO public.film_genres VALUES (693134, 12);
INSERT INTO public.film_genres VALUES (693134, 878);
INSERT INTO public.film_genres VALUES (98, 12);
INSERT INTO public.film_genres VALUES (98, 28);
INSERT INTO public.film_genres VALUES (98, 18);
INSERT INTO public.film_genres VALUES (1366, 18);
INSERT INTO public.film_genres VALUES (49849, 28);
INSERT INTO public.film_genres VALUES (49849, 878);
INSERT INTO public.film_genres VALUES (49849, 37);
INSERT INTO public.film_genres VALUES (49849, 53);
INSERT INTO public.film_genres VALUES (1368, 12);
INSERT INTO public.film_genres VALUES (1368, 28);
INSERT INTO public.film_genres VALUES (1368, 53);
INSERT INTO public.film_genres VALUES (1368, 10752);
INSERT INTO public.film_genres VALUES (11199, 12);
INSERT INTO public.film_genres VALUES (11199, 28);
INSERT INTO public.film_genres VALUES (11199, 35);
INSERT INTO public.film_genres VALUES (17431, 878);
INSERT INTO public.film_genres VALUES (17431, 18);
INSERT INTO public.film_genres VALUES (10440, 9648);
INSERT INTO public.film_genres VALUES (10440, 35);
INSERT INTO public.film_genres VALUES (135397, 12);
INSERT INTO public.film_genres VALUES (135397, 878);
INSERT INTO public.film_genres VALUES (68718, 37);
INSERT INTO public.film_genres VALUES (68718, 18);
INSERT INTO public.film_genres VALUES (86838, 80);
INSERT INTO public.film_genres VALUES (86838, 35);
INSERT INTO public.film_genres VALUES (343611, 80);
INSERT INTO public.film_genres VALUES (343611, 28);
INSERT INTO public.film_genres VALUES (343611, 53);
INSERT INTO public.film_genres VALUES (343611, 18);
INSERT INTO public.film_genres VALUES (601, 12);
INSERT INTO public.film_genres VALUES (601, 10751);
INSERT INTO public.film_genres VALUES (601, 878);
INSERT INTO public.film_genres VALUES (601, 14);
INSERT INTO public.film_genres VALUES (399174, 12);
INSERT INTO public.film_genres VALUES (399174, 16);
INSERT INTO public.film_genres VALUES (399174, 35);
INSERT INTO public.film_genres VALUES (2502, 28);
INSERT INTO public.film_genres VALUES (2502, 53);
INSERT INTO public.film_genres VALUES (2502, 18);
INSERT INTO public.film_genres VALUES (2503, 28);
INSERT INTO public.film_genres VALUES (2503, 53);
INSERT INTO public.film_genres VALUES (2503, 18);
INSERT INTO public.film_genres VALUES (2503, 9648);
INSERT INTO public.film_genres VALUES (2501, 28);
INSERT INTO public.film_genres VALUES (2501, 53);
INSERT INTO public.film_genres VALUES (2501, 18);
INSERT INTO public.film_genres VALUES (2501, 9648);
INSERT INTO public.film_genres VALUES (391713, 18);
INSERT INTO public.film_genres VALUES (391713, 35);
INSERT INTO public.film_genres VALUES (522627, 80);
INSERT INTO public.film_genres VALUES (522627, 28);
INSERT INTO public.film_genres VALUES (522627, 35);
INSERT INTO public.film_genres VALUES (11621, 16);
INSERT INTO public.film_genres VALUES (11621, 14);
INSERT INTO public.film_genres VALUES (11621, 12);
INSERT INTO public.film_genres VALUES (109410, 18);
INSERT INTO public.film_genres VALUES (81728, 10402);
INSERT INTO public.film_genres VALUES (14164, 878);
INSERT INTO public.film_genres VALUES (14164, 28);
INSERT INTO public.film_genres VALUES (14164, 14);
INSERT INTO public.film_genres VALUES (14164, 53);
INSERT INTO public.film_genres VALUES (14164, 12);
INSERT INTO public.film_genres VALUES (9323, 878);
INSERT INTO public.film_genres VALUES (9323, 16);
INSERT INTO public.film_genres VALUES (9323, 28);
INSERT INTO public.film_genres VALUES (920, 16);
INSERT INTO public.film_genres VALUES (920, 35);
INSERT INTO public.film_genres VALUES (920, 10751);
INSERT INTO public.film_genres VALUES (920, 12);
INSERT INTO public.film_genres VALUES (27579, 80);
INSERT INTO public.film_genres VALUES (27579, 53);
INSERT INTO public.film_genres VALUES (27579, 18);
INSERT INTO public.film_genres VALUES (10191, 16);
INSERT INTO public.film_genres VALUES (10191, 10751);
INSERT INTO public.film_genres VALUES (10191, 14);
INSERT INTO public.film_genres VALUES (10191, 12);
INSERT INTO public.film_genres VALUES (78, 878);
INSERT INTO public.film_genres VALUES (78, 53);
INSERT INTO public.film_genres VALUES (78, 18);
INSERT INTO public.film_genres VALUES (209112, 28);
INSERT INTO public.film_genres VALUES (209112, 14);
INSERT INTO public.film_genres VALUES (209112, 12);
INSERT INTO public.film_genres VALUES (330459, 878);
INSERT INTO public.film_genres VALUES (330459, 28);
INSERT INTO public.film_genres VALUES (330459, 12);
INSERT INTO public.film_genres VALUES (1359, 80);
INSERT INTO public.film_genres VALUES (1359, 53);
INSERT INTO public.film_genres VALUES (1359, 18);
INSERT INTO public.film_genres VALUES (244786, 10402);
INSERT INTO public.film_genres VALUES (244786, 53);
INSERT INTO public.film_genres VALUES (244786, 18);
INSERT INTO public.film_genres VALUES (161, 80);
INSERT INTO public.film_genres VALUES (161, 53);
INSERT INTO public.film_genres VALUES (81, 16);
INSERT INTO public.film_genres VALUES (81, 14);
INSERT INTO public.film_genres VALUES (81, 12);
INSERT INTO public.film_genres VALUES (7345, 18);
INSERT INTO public.film_genres VALUES (490132, 35);
INSERT INTO public.film_genres VALUES (490132, 36);
INSERT INTO public.film_genres VALUES (490132, 18);
INSERT INTO public.film_genres VALUES (11878, 53);
INSERT INTO public.film_genres VALUES (11878, 18);
INSERT INTO public.film_genres VALUES (945961, 878);
INSERT INTO public.film_genres VALUES (945961, 27);
INSERT INTO public.film_genres VALUES (1061474, 878);
INSERT INTO public.film_genres VALUES (1061474, 28);
INSERT INTO public.film_genres VALUES (1061474, 12);
INSERT INTO public.film_genres VALUES (278, 80);
INSERT INTO public.film_genres VALUES (278, 18);
INSERT INTO public.film_genres VALUES (12429, 16);
INSERT INTO public.film_genres VALUES (12429, 10751);
INSERT INTO public.film_genres VALUES (12429, 14);
INSERT INTO public.film_genres VALUES (11472, 35);
INSERT INTO public.film_genres VALUES (11472, 10749);
INSERT INTO public.film_genres VALUES (116745, 35);
INSERT INTO public.film_genres VALUES (116745, 14);
INSERT INTO public.film_genres VALUES (116745, 12);
INSERT INTO public.film_genres VALUES (116745, 18);
INSERT INTO public.film_genres VALUES (10386, 878);
INSERT INTO public.film_genres VALUES (10386, 16);
INSERT INTO public.film_genres VALUES (10386, 10751);
INSERT INTO public.film_genres VALUES (10386, 18);
INSERT INTO public.film_genres VALUES (1376434, 878);
INSERT INTO public.film_genres VALUES (1376434, 16);
INSERT INTO public.film_genres VALUES (1376434, 28);
INSERT INTO public.film_genres VALUES (1376434, 53);
INSERT INTO public.film_genres VALUES (27578, 28);
INSERT INTO public.film_genres VALUES (27578, 53);
INSERT INTO public.film_genres VALUES (27578, 12);
INSERT INTO public.film_genres VALUES (586863, 80);
INSERT INTO public.film_genres VALUES (586863, 53);
INSERT INTO public.film_genres VALUES (586863, 18);
INSERT INTO public.film_genres VALUES (146233, 80);
INSERT INTO public.film_genres VALUES (146233, 53);
INSERT INTO public.film_genres VALUES (146233, 18);
INSERT INTO public.film_genres VALUES (270946, 16);
INSERT INTO public.film_genres VALUES (270946, 35);
INSERT INTO public.film_genres VALUES (270946, 10751);
INSERT INTO public.film_genres VALUES (270946, 12);
INSERT INTO public.film_genres VALUES (333484, 28);
INSERT INTO public.film_genres VALUES (333484, 37);
INSERT INTO public.film_genres VALUES (333484, 12);
INSERT INTO public.film_genres VALUES (187, 80);
INSERT INTO public.film_genres VALUES (187, 53);
INSERT INTO public.film_genres VALUES (782, 878);
INSERT INTO public.film_genres VALUES (782, 10749);
INSERT INTO public.film_genres VALUES (782, 9648);
INSERT INTO public.film_genres VALUES (782, 53);
INSERT INTO public.film_genres VALUES (1234821, 878);
INSERT INTO public.film_genres VALUES (1234821, 28);
INSERT INTO public.film_genres VALUES (1234821, 12);
INSERT INTO public.film_genres VALUES (1214931, 36);
INSERT INTO public.film_genres VALUES (1214931, 18);
INSERT INTO public.film_genres VALUES (296098, 53);
INSERT INTO public.film_genres VALUES (296098, 18);
INSERT INTO public.film_genres VALUES (1242898, 878);
INSERT INTO public.film_genres VALUES (1242898, 28);
INSERT INTO public.film_genres VALUES (1242898, 12);
INSERT INTO public.film_genres VALUES (9377, 35);
INSERT INTO public.film_genres VALUES (438631, 878);
INSERT INTO public.film_genres VALUES (438631, 12);
INSERT INTO public.film_genres VALUES (813, 35);
INSERT INTO public.film_genres VALUES (205596, 10752);
INSERT INTO public.film_genres VALUES (205596, 36);
INSERT INTO public.film_genres VALUES (205596, 53);
INSERT INTO public.film_genres VALUES (205596, 18);
INSERT INTO public.film_genres VALUES (1233413, 27);
INSERT INTO public.film_genres VALUES (1233413, 28);
INSERT INTO public.film_genres VALUES (1233413, 53);
INSERT INTO public.film_genres VALUES (273481, 28);
INSERT INTO public.film_genres VALUES (273481, 80);
INSERT INTO public.film_genres VALUES (273481, 53);
INSERT INTO public.film_genres VALUES (400535, 28);
INSERT INTO public.film_genres VALUES (400535, 80);
INSERT INTO public.film_genres VALUES (400535, 53);
INSERT INTO public.film_genres VALUES (8963, 28);
INSERT INTO public.film_genres VALUES (8963, 10752);
INSERT INTO public.film_genres VALUES (8963, 53);
INSERT INTO public.film_genres VALUES (8963, 18);
INSERT INTO public.film_genres VALUES (558449, 28);
INSERT INTO public.film_genres VALUES (558449, 12);
INSERT INTO public.film_genres VALUES (558449, 18);
INSERT INTO public.film_genres VALUES (324552, 28);
INSERT INTO public.film_genres VALUES (324552, 80);
INSERT INTO public.film_genres VALUES (324552, 53);
INSERT INTO public.film_genres VALUES (718789, 878);
INSERT INTO public.film_genres VALUES (718789, 16);
INSERT INTO public.film_genres VALUES (718789, 10751);
INSERT INTO public.film_genres VALUES (718789, 12);
INSERT INTO public.film_genres VALUES (329865, 878);
INSERT INTO public.film_genres VALUES (329865, 9648);
INSERT INTO public.film_genres VALUES (329865, 18);
INSERT INTO public.film_genres VALUES (18886, 28);
INSERT INTO public.film_genres VALUES (18886, 10752);
INSERT INTO public.film_genres VALUES (2048, 878);
INSERT INTO public.film_genres VALUES (2048, 28);
INSERT INTO public.film_genres VALUES (68726, 878);
INSERT INTO public.film_genres VALUES (68726, 28);
INSERT INTO public.film_genres VALUES (68726, 12);
INSERT INTO public.film_genres VALUES (397567, 28);
INSERT INTO public.film_genres VALUES (397567, 14);
INSERT INTO public.film_genres VALUES (397567, 53);
INSERT INTO public.film_genres VALUES (397567, 12);
INSERT INTO public.film_genres VALUES (397567, 18);
INSERT INTO public.film_genres VALUES (272, 80);
INSERT INTO public.film_genres VALUES (272, 28);
INSERT INTO public.film_genres VALUES (272, 18);
INSERT INTO public.film_genres VALUES (11697, 37);
INSERT INTO public.film_genres VALUES (11975, 80);
INSERT INTO public.film_genres VALUES (11975, 18);
INSERT INTO public.film_genres VALUES (11975, 53);
INSERT INTO public.film_genres VALUES (22, 14);
INSERT INTO public.film_genres VALUES (22, 12);
INSERT INTO public.film_genres VALUES (22, 28);
INSERT INTO public.film_genres VALUES (238, 18);
INSERT INTO public.film_genres VALUES (238, 80);
INSERT INTO public.film_genres VALUES (240, 18);
INSERT INTO public.film_genres VALUES (240, 80);
INSERT INTO public.film_genres VALUES (903, 18);
INSERT INTO public.film_genres VALUES (903, 80);
INSERT INTO public.film_genres VALUES (116149, 10751);
INSERT INTO public.film_genres VALUES (116149, 12);
INSERT INTO public.film_genres VALUES (116149, 35);
INSERT INTO public.film_genres VALUES (687163, 878);
INSERT INTO public.film_genres VALUES (687163, 12);
INSERT INTO public.film_genres VALUES (1226863, 12);
INSERT INTO public.film_genres VALUES (1226863, 16);
INSERT INTO public.film_genres VALUES (1226863, 10751);
INSERT INTO public.film_genres VALUES (1226863, 14);
INSERT INTO public.film_genres VALUES (1226863, 35);


--
-- TOC entry 5006 (class 0 OID 25947)
-- Dependencies: 228
-- Data for Name: film_job_person; Type: TABLE DATA; Schema: public; Owner: postgres
--

INSERT INTO public.film_job_person VALUES (1, 137113, 2, 500);
INSERT INTO public.film_job_person VALUES (2, 137113, 2, 5081);
INSERT INTO public.film_job_person VALUES (3, 137113, 2, 2039);
INSERT INTO public.film_job_person VALUES (4, 137113, 2, 2053);
INSERT INTO public.film_job_person VALUES (5, 137113, 2, 119224);
INSERT INTO public.film_job_person VALUES (6, 137113, 2, 147255);
INSERT INTO public.film_job_person VALUES (7, 137113, 2, 93111);
INSERT INTO public.film_job_person VALUES (8, 137113, 2, 1363086);
INSERT INTO public.film_job_person VALUES (9, 137113, 2, 125740);
INSERT INTO public.film_job_person VALUES (10, 137113, 1, 11694);
INSERT INTO public.film_job_person VALUES (11, 762504, 2, 206919);
INSERT INTO public.film_job_person VALUES (12, 762504, 2, 74688);
INSERT INTO public.film_job_person VALUES (13, 762504, 2, 1602972);
INSERT INTO public.film_job_person VALUES (14, 762504, 2, 7486);
INSERT INTO public.film_job_person VALUES (15, 762504, 2, 215055);
INSERT INTO public.film_job_person VALUES (16, 762504, 2, 205772);
INSERT INTO public.film_job_person VALUES (17, 762504, 2, 65827);
INSERT INTO public.film_job_person VALUES (18, 762504, 2, 111518);
INSERT INTO public.film_job_person VALUES (19, 762504, 2, 236696);
INSERT INTO public.film_job_person VALUES (20, 762504, 1, 291263);
INSERT INTO public.film_job_person VALUES (21, 82690, 2, 4764);
INSERT INTO public.film_job_person VALUES (22, 82690, 2, 7404);
INSERT INTO public.film_job_person VALUES (23, 82690, 2, 58737);
INSERT INTO public.film_job_person VALUES (24, 82690, 2, 43775);
INSERT INTO public.film_job_person VALUES (25, 82690, 2, 21088);
INSERT INTO public.film_job_person VALUES (26, 82690, 2, 165787);
INSERT INTO public.film_job_person VALUES (27, 82690, 2, 1223658);
INSERT INTO public.film_job_person VALUES (28, 82690, 2, 125167);
INSERT INTO public.film_job_person VALUES (29, 82690, 2, 95002);
INSERT INTO public.film_job_person VALUES (30, 82690, 1, 165787);
INSERT INTO public.film_job_person VALUES (31, 1949, 2, 131);
INSERT INTO public.film_job_person VALUES (32, 1949, 2, 103);
INSERT INTO public.film_job_person VALUES (33, 1949, 2, 11085);
INSERT INTO public.film_job_person VALUES (34, 1949, 2, 3223);
INSERT INTO public.film_job_person VALUES (35, 1949, 2, 2838);
INSERT INTO public.film_job_person VALUES (36, 1949, 2, 13550);
INSERT INTO public.film_job_person VALUES (37, 1949, 2, 3911);
INSERT INTO public.film_job_person VALUES (38, 1949, 2, 1248);
INSERT INTO public.film_job_person VALUES (39, 1949, 2, 20212);
INSERT INTO public.film_job_person VALUES (40, 1949, 1, 7467);
INSERT INTO public.film_job_person VALUES (41, 700391, 2, 1023139);
INSERT INTO public.film_job_person VALUES (42, 700391, 2, 1767250);
INSERT INTO public.film_job_person VALUES (43, 700391, 2, 1696016);
INSERT INTO public.film_job_person VALUES (44, 700391, 2, 98415);
INSERT INTO public.film_job_person VALUES (45, 700391, 2, 1450385);
INSERT INTO public.film_job_person VALUES (46, 700391, 1, 1317685);
INSERT INTO public.film_job_person VALUES (47, 700391, 1, 1317686);
INSERT INTO public.film_job_person VALUES (48, 11202, 2, 862);
INSERT INTO public.film_job_person VALUES (49, 11202, 2, 9857);
INSERT INTO public.film_job_person VALUES (50, 11202, 2, 40551);
INSERT INTO public.film_job_person VALUES (51, 11202, 2, 15650);
INSERT INTO public.film_job_person VALUES (52, 11202, 2, 12431);
INSERT INTO public.film_job_person VALUES (53, 11202, 2, 1089965);
INSERT INTO public.film_job_person VALUES (54, 11202, 2, 13733);
INSERT INTO public.film_job_person VALUES (55, 11202, 2, 58495);
INSERT INTO public.film_job_person VALUES (56, 11202, 2, 32021);
INSERT INTO public.film_job_person VALUES (57, 11202, 1, 13265);
INSERT INTO public.film_job_person VALUES (58, 11971, 2, 7056);
INSERT INTO public.film_job_person VALUES (59, 11971, 2, 11181);
INSERT INTO public.film_job_person VALUES (60, 11971, 2, 3967);
INSERT INTO public.film_job_person VALUES (61, 11971, 2, 5292);
INSERT INTO public.film_job_person VALUES (62, 11971, 2, 2232);
INSERT INTO public.film_job_person VALUES (63, 11971, 2, 6384);
INSERT INTO public.film_job_person VALUES (64, 11971, 2, 2692);
INSERT INTO public.film_job_person VALUES (65, 11971, 2, 29859);
INSERT INTO public.film_job_person VALUES (66, 11971, 2, 11356);
INSERT INTO public.film_job_person VALUES (67, 11971, 1, 11181);
INSERT INTO public.film_job_person VALUES (68, 493922, 2, 3051);
INSERT INTO public.film_job_person VALUES (69, 493922, 2, 934281);
INSERT INTO public.film_job_person VALUES (70, 493922, 2, 5168);
INSERT INTO public.film_job_person VALUES (71, 493922, 2, 1945702);
INSERT INTO public.film_job_person VALUES (72, 493922, 2, 43366);
INSERT INTO public.film_job_person VALUES (73, 493922, 2, 1969994);
INSERT INTO public.film_job_person VALUES (74, 493922, 2, 1969995);
INSERT INTO public.film_job_person VALUES (75, 493922, 2, 2064805);
INSERT INTO public.film_job_person VALUES (76, 493922, 2, 1853997);
INSERT INTO public.film_job_person VALUES (77, 493922, 1, 1145520);
INSERT INTO public.film_job_person VALUES (78, 5503, 2, 3);
INSERT INTO public.film_job_person VALUES (79, 5503, 2, 2176);
INSERT INTO public.film_job_person VALUES (80, 5503, 2, 532);
INSERT INTO public.film_job_person VALUES (81, 5503, 2, 1924);
INSERT INTO public.film_job_person VALUES (82, 5503, 2, 43774);
INSERT INTO public.film_job_person VALUES (83, 5503, 2, 29051);
INSERT INTO public.film_job_person VALUES (84, 5503, 2, 43772);
INSERT INTO public.film_job_person VALUES (85, 5503, 2, 57597);
INSERT INTO public.film_job_person VALUES (86, 5503, 2, 86576);
INSERT INTO public.film_job_person VALUES (87, 5503, 1, 12989);
INSERT INTO public.film_job_person VALUES (88, 85, 2, 3);
INSERT INTO public.film_job_person VALUES (89, 85, 2, 650);
INSERT INTO public.film_job_person VALUES (90, 85, 2, 652);
INSERT INTO public.film_job_person VALUES (91, 85, 2, 655);
INSERT INTO public.film_job_person VALUES (92, 85, 2, 653);
INSERT INTO public.film_job_person VALUES (93, 85, 2, 659);
INSERT INTO public.film_job_person VALUES (94, 85, 2, 660);
INSERT INTO public.film_job_person VALUES (95, 85, 2, 656);
INSERT INTO public.film_job_person VALUES (96, 85, 2, 658);
INSERT INTO public.film_job_person VALUES (97, 85, 1, 488);
INSERT INTO public.film_job_person VALUES (98, 11423, 2, 20738);
INSERT INTO public.film_job_person VALUES (99, 11423, 2, 69378);
INSERT INTO public.film_job_person VALUES (100, 11423, 2, 69379);
INSERT INTO public.film_job_person VALUES (101, 11423, 2, 1080904);
INSERT INTO public.film_job_person VALUES (102, 11423, 2, 116180);
INSERT INTO public.film_job_person VALUES (103, 11423, 2, 1299348);
INSERT INTO public.film_job_person VALUES (104, 11423, 2, 1136064);
INSERT INTO public.film_job_person VALUES (105, 11423, 2, 1075838);
INSERT INTO public.film_job_person VALUES (106, 11423, 2, 21687);
INSERT INTO public.film_job_person VALUES (107, 11423, 1, 21684);
INSERT INTO public.film_job_person VALUES (108, 76341, 2, 2524);
INSERT INTO public.film_job_person VALUES (109, 76341, 2, 6885);
INSERT INTO public.film_job_person VALUES (110, 76341, 2, 3292);
INSERT INTO public.film_job_person VALUES (111, 76341, 2, 26060);
INSERT INTO public.film_job_person VALUES (112, 76341, 2, 1056053);
INSERT INTO public.film_job_person VALUES (113, 76341, 2, 24898);
INSERT INTO public.film_job_person VALUES (114, 76341, 2, 37153);
INSERT INTO public.film_job_person VALUES (115, 76341, 2, 236048);
INSERT INTO public.film_job_person VALUES (116, 76341, 2, 98522);
INSERT INTO public.film_job_person VALUES (117, 76341, 1, 20629);
INSERT INTO public.film_job_person VALUES (118, 11, 2, 2);
INSERT INTO public.film_job_person VALUES (119, 11, 2, 3);
INSERT INTO public.film_job_person VALUES (120, 11, 2, 4);
INSERT INTO public.film_job_person VALUES (121, 11, 2, 5);
INSERT INTO public.film_job_person VALUES (122, 11, 2, 12248);
INSERT INTO public.film_job_person VALUES (123, 11, 2, 6);
INSERT INTO public.film_job_person VALUES (124, 11, 2, 130);
INSERT INTO public.film_job_person VALUES (125, 11, 2, 24343);
INSERT INTO public.film_job_person VALUES (126, 11, 2, 24342);
INSERT INTO public.film_job_person VALUES (127, 11, 1, 1);
INSERT INTO public.film_job_person VALUES (128, 1891, 2, 2);
INSERT INTO public.film_job_person VALUES (129, 1891, 2, 3);
INSERT INTO public.film_job_person VALUES (130, 1891, 2, 4);
INSERT INTO public.film_job_person VALUES (131, 1891, 2, 3799);
INSERT INTO public.film_job_person VALUES (132, 1891, 2, 6);
INSERT INTO public.film_job_person VALUES (133, 1891, 2, 24342);
INSERT INTO public.film_job_person VALUES (134, 1891, 2, 24343);
INSERT INTO public.film_job_person VALUES (135, 1891, 2, 130);
INSERT INTO public.film_job_person VALUES (136, 1891, 2, 7908);
INSERT INTO public.film_job_person VALUES (137, 1891, 1, 10930);
INSERT INTO public.film_job_person VALUES (138, 315162, 2, 3131);
INSERT INTO public.film_job_person VALUES (139, 315162, 2, 3136);
INSERT INTO public.film_job_person VALUES (140, 315162, 2, 210172);
INSERT INTO public.film_job_person VALUES (141, 315162, 2, 52583);
INSERT INTO public.film_job_person VALUES (142, 315162, 2, 1373737);
INSERT INTO public.film_job_person VALUES (143, 315162, 2, 39187);
INSERT INTO public.film_job_person VALUES (144, 315162, 2, 5538);
INSERT INTO public.film_job_person VALUES (145, 315162, 2, 1346535);
INSERT INTO public.film_job_person VALUES (146, 315162, 2, 933558);
INSERT INTO public.film_job_person VALUES (147, 315162, 1, 1450348);
INSERT INTO public.film_job_person VALUES (148, 120, 2, 109);
INSERT INTO public.film_job_person VALUES (149, 120, 2, 1327);
INSERT INTO public.film_job_person VALUES (150, 120, 2, 110);
INSERT INTO public.film_job_person VALUES (151, 120, 2, 1328);
INSERT INTO public.film_job_person VALUES (152, 120, 2, 65);
INSERT INTO public.film_job_person VALUES (153, 120, 2, 882);
INSERT INTO public.film_job_person VALUES (154, 120, 2, 113);
INSERT INTO public.film_job_person VALUES (155, 120, 2, 48);
INSERT INTO public.film_job_person VALUES (156, 120, 2, 1329);
INSERT INTO public.film_job_person VALUES (157, 120, 1, 108);
INSERT INTO public.film_job_person VALUES (158, 1726, 2, 3223);
INSERT INTO public.film_job_person VALUES (159, 1726, 2, 18288);
INSERT INTO public.film_job_person VALUES (160, 1726, 2, 1229);
INSERT INTO public.film_job_person VALUES (161, 1726, 2, 12052);
INSERT INTO public.film_job_person VALUES (162, 1726, 2, 57451);
INSERT INTO public.film_job_person VALUES (163, 1726, 2, 17857);
INSERT INTO public.film_job_person VALUES (164, 1726, 2, 57452);
INSERT INTO public.film_job_person VALUES (165, 1726, 2, 9048);
INSERT INTO public.film_job_person VALUES (166, 1726, 2, 17200);
INSERT INTO public.film_job_person VALUES (167, 1726, 1, 15277);
INSERT INTO public.film_job_person VALUES (168, 13435, 2, 5292);
INSERT INTO public.film_job_person VALUES (169, 13435, 2, 15543);
INSERT INTO public.film_job_person VALUES (170, 13435, 2, 77078);
INSERT INTO public.film_job_person VALUES (171, 13435, 2, 77079);
INSERT INTO public.film_job_person VALUES (172, 13435, 2, 19492);
INSERT INTO public.film_job_person VALUES (173, 13435, 2, 52847);
INSERT INTO public.film_job_person VALUES (174, 13435, 2, 53918);
INSERT INTO public.film_job_person VALUES (175, 13435, 2, 59847);
INSERT INTO public.film_job_person VALUES (176, 13435, 2, 2347977);
INSERT INTO public.film_job_person VALUES (177, 13435, 1, 5292);
INSERT INTO public.film_job_person VALUES (178, 109091, 2, 17288);
INSERT INTO public.film_job_person VALUES (179, 109091, 2, 955);
INSERT INTO public.film_job_person VALUES (180, 109091, 2, 6941);
INSERT INTO public.film_job_person VALUES (181, 109091, 2, 3810);
INSERT INTO public.film_job_person VALUES (182, 109091, 2, 287);
INSERT INTO public.film_job_person VALUES (183, 109091, 2, 2310);
INSERT INTO public.film_job_person VALUES (184, 109091, 2, 4810);
INSERT INTO public.film_job_person VALUES (185, 109091, 2, 55585);
INSERT INTO public.film_job_person VALUES (186, 109091, 2, 20286);
INSERT INTO public.film_job_person VALUES (187, 109091, 1, 578);
INSERT INTO public.film_job_person VALUES (188, 7510, 2, 33528);
INSERT INTO public.film_job_person VALUES (189, 7510, 2, 516);
INSERT INTO public.film_job_person VALUES (190, 7510, 2, 1248);
INSERT INTO public.film_job_person VALUES (191, 7510, 2, 12052);
INSERT INTO public.film_job_person VALUES (192, 7510, 2, 12763);
INSERT INTO public.film_job_person VALUES (193, 7510, 2, 38940);
INSERT INTO public.film_job_person VALUES (194, 7510, 2, 7447);
INSERT INTO public.film_job_person VALUES (195, 7510, 2, 20362);
INSERT INTO public.film_job_person VALUES (196, 7510, 2, 17773);
INSERT INTO public.film_job_person VALUES (197, 7510, 1, 52779);
INSERT INTO public.film_job_person VALUES (198, 583, 2, 10722);
INSERT INTO public.film_job_person VALUES (199, 583, 2, 8930);
INSERT INTO public.film_job_person VALUES (200, 583, 2, 280);
INSERT INTO public.film_job_person VALUES (201, 583, 2, 10713);
INSERT INTO public.film_job_person VALUES (202, 583, 2, 10707);
INSERT INTO public.film_job_person VALUES (203, 583, 2, 383);
INSERT INTO public.film_job_person VALUES (204, 583, 2, 10732);
INSERT INTO public.film_job_person VALUES (205, 583, 2, 10733);
INSERT INTO public.film_job_person VALUES (206, 583, 2, 10734);
INSERT INTO public.film_job_person VALUES (207, 583, 1, 10707);
INSERT INTO public.film_job_person VALUES (208, 11072, 2, 68091);
INSERT INTO public.film_job_person VALUES (209, 11072, 2, 3460);
INSERT INTO public.film_job_person VALUES (210, 11072, 2, 14253);
INSERT INTO public.film_job_person VALUES (211, 11072, 2, 13640);
INSERT INTO public.film_job_person VALUES (212, 11072, 2, 29803);
INSERT INTO public.film_job_person VALUES (213, 11072, 2, 14639);
INSERT INTO public.film_job_person VALUES (214, 11072, 2, 133952);
INSERT INTO public.film_job_person VALUES (215, 11072, 2, 73234);
INSERT INTO public.film_job_person VALUES (216, 11072, 2, 1232);
INSERT INTO public.film_job_person VALUES (217, 11072, 1, 14639);
INSERT INTO public.film_job_person VALUES (218, 33644, 2, 9780);
INSERT INTO public.film_job_person VALUES (219, 33644, 2, 17637);
INSERT INTO public.film_job_person VALUES (220, 33644, 2, 2395);
INSERT INTO public.film_job_person VALUES (221, 33644, 2, 9788);
INSERT INTO public.film_job_person VALUES (222, 33644, 2, 80622);
INSERT INTO public.film_job_person VALUES (223, 33644, 2, 59018);
INSERT INTO public.film_job_person VALUES (224, 33644, 2, 1433986);
INSERT INTO public.film_job_person VALUES (225, 33644, 2, 10090);
INSERT INTO public.film_job_person VALUES (226, 33644, 2, 8689);
INSERT INTO public.film_job_person VALUES (227, 33644, 1, 70777);
INSERT INTO public.film_job_person VALUES (228, 10539, 2, 1652305);
INSERT INTO public.film_job_person VALUES (229, 10539, 2, 6199);
INSERT INTO public.film_job_person VALUES (230, 10539, 2, 34901);
INSERT INTO public.film_job_person VALUES (231, 10539, 2, 4935);
INSERT INTO public.film_job_person VALUES (232, 10539, 2, 4001);
INSERT INTO public.film_job_person VALUES (233, 10539, 2, 3037);
INSERT INTO public.film_job_person VALUES (234, 10539, 2, 52951);
INSERT INTO public.film_job_person VALUES (235, 10539, 2, 4038);
INSERT INTO public.film_job_person VALUES (236, 10539, 2, 11207);
INSERT INTO public.film_job_person VALUES (237, 10539, 1, 57646);
INSERT INTO public.film_job_person VALUES (238, 753342, 2, 73421);
INSERT INTO public.film_job_person VALUES (239, 753342, 2, 556356);
INSERT INTO public.film_job_person VALUES (240, 753342, 2, 81051);
INSERT INTO public.film_job_person VALUES (241, 753342, 2, 4757);
INSERT INTO public.film_job_person VALUES (242, 753342, 2, 1231402);
INSERT INTO public.film_job_person VALUES (243, 753342, 2, 80365);
INSERT INTO public.film_job_person VALUES (244, 753342, 2, 11280);
INSERT INTO public.film_job_person VALUES (245, 753342, 2, 2599915);
INSERT INTO public.film_job_person VALUES (246, 753342, 2, 1700994);
INSERT INTO public.film_job_person VALUES (247, 753342, 1, 578);
INSERT INTO public.film_job_person VALUES (248, 12106, 2, 4430);
INSERT INTO public.film_job_person VALUES (249, 12106, 2, 193);
INSERT INTO public.film_job_person VALUES (250, 12106, 2, 934);
INSERT INTO public.film_job_person VALUES (251, 12106, 2, 6193);
INSERT INTO public.film_job_person VALUES (252, 12106, 2, 2144);
INSERT INTO public.film_job_person VALUES (253, 12106, 2, 66288);
INSERT INTO public.film_job_person VALUES (254, 12106, 2, 27116);
INSERT INTO public.film_job_person VALUES (255, 12106, 2, 65827);
INSERT INTO public.film_job_person VALUES (256, 12106, 2, 2714);
INSERT INTO public.film_job_person VALUES (257, 12106, 1, 7623);
INSERT INTO public.film_job_person VALUES (258, 64690, 2, 30614);
INSERT INTO public.film_job_person VALUES (259, 64690, 2, 36662);
INSERT INTO public.film_job_person VALUES (260, 64690, 2, 17419);
INSERT INTO public.film_job_person VALUES (261, 64690, 2, 13);
INSERT INTO public.film_job_person VALUES (262, 64690, 2, 25072);
INSERT INTO public.film_job_person VALUES (263, 64690, 2, 110014);
INSERT INTO public.film_job_person VALUES (264, 64690, 2, 2372);
INSERT INTO public.film_job_person VALUES (265, 64690, 2, 972270);
INSERT INTO public.film_job_person VALUES (266, 64690, 2, 51303);
INSERT INTO public.film_job_person VALUES (267, 64690, 1, 21183);
INSERT INTO public.film_job_person VALUES (268, 94329, 2, 113732);
INSERT INTO public.film_job_person VALUES (269, 94329, 2, 592496);
INSERT INTO public.film_job_person VALUES (270, 94329, 2, 1202416);
INSERT INTO public.film_job_person VALUES (271, 94329, 2, 142019);
INSERT INTO public.film_job_person VALUES (272, 94329, 2, 1001665);
INSERT INTO public.film_job_person VALUES (273, 94329, 2, 592495);
INSERT INTO public.film_job_person VALUES (274, 94329, 2, 1001666);
INSERT INTO public.film_job_person VALUES (275, 94329, 2, 1103310);
INSERT INTO public.film_job_person VALUES (276, 94329, 2, 1398995);
INSERT INTO public.film_job_person VALUES (277, 94329, 1, 142013);
INSERT INTO public.film_job_person VALUES (278, 324857, 2, 587506);
INSERT INTO public.film_job_person VALUES (279, 324857, 2, 543505);
INSERT INTO public.film_job_person VALUES (280, 324857, 2, 130640);
INSERT INTO public.film_job_person VALUES (281, 324857, 2, 932967);
INSERT INTO public.film_job_person VALUES (282, 324857, 2, 226366);
INSERT INTO public.film_job_person VALUES (283, 324857, 2, 10437);
INSERT INTO public.film_job_person VALUES (284, 324857, 2, 141610);
INSERT INTO public.film_job_person VALUES (285, 324857, 2, 37153);
INSERT INTO public.film_job_person VALUES (286, 324857, 2, 933558);
INSERT INTO public.film_job_person VALUES (287, 324857, 1, 936670);
INSERT INTO public.film_job_person VALUES (288, 324857, 1, 151007);
INSERT INTO public.film_job_person VALUES (289, 324857, 1, 59918);
INSERT INTO public.film_job_person VALUES (290, 359940, 2, 3910);
INSERT INTO public.film_job_person VALUES (291, 359940, 2, 57755);
INSERT INTO public.film_job_person VALUES (292, 359940, 2, 6807);
INSERT INTO public.film_job_person VALUES (293, 359940, 2, 37260);
INSERT INTO public.film_job_person VALUES (294, 359940, 2, 1105079);
INSERT INTO public.film_job_person VALUES (295, 359940, 2, 6752);
INSERT INTO public.film_job_person VALUES (296, 359940, 2, 572541);
INSERT INTO public.film_job_person VALUES (297, 359940, 2, 61011);
INSERT INTO public.film_job_person VALUES (298, 359940, 2, 1372369);
INSERT INTO public.film_job_person VALUES (299, 359940, 1, 54472);
INSERT INTO public.film_job_person VALUES (300, 569094, 2, 587506);
INSERT INTO public.film_job_person VALUES (301, 569094, 2, 130640);
INSERT INTO public.film_job_person VALUES (302, 569094, 2, 226366);
INSERT INTO public.film_job_person VALUES (303, 569094, 2, 141610);
INSERT INTO public.film_job_person VALUES (304, 569094, 2, 543505);
INSERT INTO public.film_job_person VALUES (305, 569094, 2, 25072);
INSERT INTO public.film_job_person VALUES (306, 569094, 2, 17881);
INSERT INTO public.film_job_person VALUES (307, 569094, 2, 1455336);
INSERT INTO public.film_job_person VALUES (308, 569094, 2, 206919);
INSERT INTO public.film_job_person VALUES (309, 569094, 1, 1046497);
INSERT INTO public.film_job_person VALUES (310, 569094, 1, 2451598);
INSERT INTO public.film_job_person VALUES (311, 569094, 1, 89596);
INSERT INTO public.film_job_person VALUES (312, 693134, 2, 1190668);
INSERT INTO public.film_job_person VALUES (313, 693134, 2, 505710);
INSERT INTO public.film_job_person VALUES (314, 693134, 2, 933238);
INSERT INTO public.film_job_person VALUES (315, 693134, 2, 3810);
INSERT INTO public.film_job_person VALUES (316, 693134, 2, 16851);
INSERT INTO public.film_job_person VALUES (317, 693134, 2, 86654);
INSERT INTO public.film_job_person VALUES (318, 693134, 2, 1373737);
INSERT INTO public.film_job_person VALUES (319, 693134, 2, 543530);
INSERT INTO public.film_job_person VALUES (320, 693134, 2, 4690);
INSERT INTO public.film_job_person VALUES (321, 693134, 1, 137427);
INSERT INTO public.film_job_person VALUES (322, 98, 2, 934);
INSERT INTO public.film_job_person VALUES (323, 98, 2, 73421);
INSERT INTO public.film_job_person VALUES (324, 98, 2, 935);
INSERT INTO public.film_job_person VALUES (325, 98, 2, 936);
INSERT INTO public.film_job_person VALUES (326, 98, 2, 194);
INSERT INTO public.film_job_person VALUES (327, 98, 2, 937);
INSERT INTO public.film_job_person VALUES (328, 98, 2, 938);
INSERT INTO public.film_job_person VALUES (329, 98, 2, 939);
INSERT INTO public.film_job_person VALUES (330, 98, 2, 940);
INSERT INTO public.film_job_person VALUES (331, 98, 1, 578);
INSERT INTO public.film_job_person VALUES (332, 1366, 2, 16483);
INSERT INTO public.film_job_person VALUES (333, 1366, 2, 3094);
INSERT INTO public.film_job_person VALUES (334, 1366, 2, 4521);
INSERT INTO public.film_job_person VALUES (335, 1366, 2, 1101);
INSERT INTO public.film_job_person VALUES (336, 1366, 2, 16523);
INSERT INTO public.film_job_person VALUES (337, 1366, 2, 16524);
INSERT INTO public.film_job_person VALUES (338, 1366, 2, 16525);
INSERT INTO public.film_job_person VALUES (339, 1366, 2, 16526);
INSERT INTO public.film_job_person VALUES (340, 1366, 2, 16527);
INSERT INTO public.film_job_person VALUES (341, 1366, 1, 16513);
INSERT INTO public.film_job_person VALUES (342, 49849, 2, 8784);
INSERT INTO public.film_job_person VALUES (343, 49849, 2, 3);
INSERT INTO public.film_job_person VALUES (344, 49849, 2, 59315);
INSERT INTO public.film_job_person VALUES (345, 49849, 2, 6807);
INSERT INTO public.film_job_person VALUES (346, 49849, 2, 33527);
INSERT INTO public.film_job_person VALUES (347, 49849, 2, 17142);
INSERT INTO public.film_job_person VALUES (348, 49849, 2, 88816);
INSERT INTO public.film_job_person VALUES (349, 49849, 2, 30613);
INSERT INTO public.film_job_person VALUES (350, 49849, 2, 6574);
INSERT INTO public.film_job_person VALUES (351, 49849, 1, 15277);
INSERT INTO public.film_job_person VALUES (352, 1368, 2, 16483);
INSERT INTO public.film_job_person VALUES (353, 1368, 2, 16554);
INSERT INTO public.film_job_person VALUES (354, 1368, 2, 6197);
INSERT INTO public.film_job_person VALUES (355, 1368, 2, 16555);
INSERT INTO public.film_job_person VALUES (356, 1368, 2, 16556);
INSERT INTO public.film_job_person VALUES (357, 1368, 2, 16557);
INSERT INTO public.film_job_person VALUES (358, 1368, 2, 15824);
INSERT INTO public.film_job_person VALUES (359, 1368, 2, 16558);
INSERT INTO public.film_job_person VALUES (360, 1368, 2, 16559);
INSERT INTO public.film_job_person VALUES (361, 1368, 1, 16544);
INSERT INTO public.film_job_person VALUES (362, 11199, 2, 12898);
INSERT INTO public.film_job_person VALUES (363, 11199, 2, 8891);
INSERT INTO public.film_job_person VALUES (364, 11199, 2, 78029);
INSERT INTO public.film_job_person VALUES (365, 11199, 2, 3905);
INSERT INTO public.film_job_person VALUES (366, 11199, 2, 11477);
INSERT INTO public.film_job_person VALUES (367, 11199, 2, 79072);
INSERT INTO public.film_job_person VALUES (368, 11199, 2, 22132);
INSERT INTO public.film_job_person VALUES (369, 11199, 2, 3141);
INSERT INTO public.film_job_person VALUES (370, 11199, 2, 50877);
INSERT INTO public.film_job_person VALUES (371, 11199, 1, 68573);
INSERT INTO public.film_job_person VALUES (372, 17431, 2, 6807);
INSERT INTO public.film_job_person VALUES (373, 17431, 2, 1979);
INSERT INTO public.film_job_person VALUES (374, 17431, 2, 115146);
INSERT INTO public.film_job_person VALUES (375, 17431, 2, 115147);
INSERT INTO public.film_job_person VALUES (376, 17431, 2, 115149);
INSERT INTO public.film_job_person VALUES (377, 17431, 2, 115150);
INSERT INTO public.film_job_person VALUES (378, 17431, 2, 30082);
INSERT INTO public.film_job_person VALUES (379, 17431, 2, 1488236);
INSERT INTO public.film_job_person VALUES (380, 17431, 2, 27110);
INSERT INTO public.film_job_person VALUES (381, 17431, 1, 81850);
INSERT INTO public.film_job_person VALUES (382, 10440, 2, 1243);
INSERT INTO public.film_job_person VALUES (383, 10440, 2, 3092);
INSERT INTO public.film_job_person VALUES (384, 10440, 2, 24292);
INSERT INTO public.film_job_person VALUES (385, 10440, 2, 21278);
INSERT INTO public.film_job_person VALUES (386, 10440, 2, 5657);
INSERT INTO public.film_job_person VALUES (387, 10440, 2, 8792);
INSERT INTO public.film_job_person VALUES (388, 10440, 2, 371587);
INSERT INTO public.film_job_person VALUES (389, 10440, 2, 5367);
INSERT INTO public.film_job_person VALUES (390, 10440, 2, 166772);
INSERT INTO public.film_job_person VALUES (391, 10440, 1, 1243);
INSERT INTO public.film_job_person VALUES (392, 135397, 2, 73457);
INSERT INTO public.film_job_person VALUES (393, 135397, 2, 18997);
INSERT INTO public.film_job_person VALUES (394, 135397, 2, 76793);
INSERT INTO public.film_job_person VALUES (395, 135397, 2, 7132);
INSERT INTO public.film_job_person VALUES (396, 135397, 2, 17181);
INSERT INTO public.film_job_person VALUES (397, 135397, 2, 1108907);
INSERT INTO public.film_job_person VALUES (398, 135397, 2, 543505);
INSERT INTO public.film_job_person VALUES (399, 135397, 2, 78423);
INSERT INTO public.film_job_person VALUES (400, 135397, 2, 14592);
INSERT INTO public.film_job_person VALUES (401, 135397, 1, 930707);
INSERT INTO public.film_job_person VALUES (402, 68718, 2, 134);
INSERT INTO public.film_job_person VALUES (403, 68718, 2, 27319);
INSERT INTO public.film_job_person VALUES (404, 68718, 2, 6193);
INSERT INTO public.film_job_person VALUES (405, 68718, 2, 11703);
INSERT INTO public.film_job_person VALUES (406, 68718, 2, 2231);
INSERT INTO public.film_job_person VALUES (407, 68718, 2, 27740);
INSERT INTO public.film_job_person VALUES (408, 68718, 2, 27770);
INSERT INTO public.film_job_person VALUES (409, 68718, 2, 1736);
INSERT INTO public.film_job_person VALUES (410, 68718, 2, 1067187);
INSERT INTO public.film_job_person VALUES (411, 68718, 1, 138);
INSERT INTO public.film_job_person VALUES (412, 86838, 2, 72466);
INSERT INTO public.film_job_person VALUES (413, 86838, 2, 6807);
INSERT INTO public.film_job_person VALUES (414, 86838, 2, 57755);
INSERT INTO public.film_job_person VALUES (415, 86838, 2, 4690);
INSERT INTO public.film_job_person VALUES (416, 86838, 2, 18182);
INSERT INTO public.film_job_person VALUES (417, 86838, 2, 2887);
INSERT INTO public.film_job_person VALUES (418, 86838, 2, 37260);
INSERT INTO public.film_job_person VALUES (419, 86838, 2, 72873);
INSERT INTO public.film_job_person VALUES (420, 86838, 2, 18472);
INSERT INTO public.film_job_person VALUES (421, 86838, 1, 54472);
INSERT INTO public.film_job_person VALUES (422, 343611, 2, 500);
INSERT INTO public.film_job_person VALUES (423, 343611, 2, 71189);
INSERT INTO public.film_job_person VALUES (424, 343611, 2, 1466613);
INSERT INTO public.film_job_person VALUES (425, 343611, 2, 83860);
INSERT INTO public.film_job_person VALUES (426, 343611, 2, 1223163);
INSERT INTO public.film_job_person VALUES (427, 343611, 2, 1485114);
INSERT INTO public.film_job_person VALUES (428, 343611, 2, 7497);
INSERT INTO public.film_job_person VALUES (429, 343611, 2, 17343);
INSERT INTO public.film_job_person VALUES (430, 343611, 2, 149590);
INSERT INTO public.film_job_person VALUES (431, 343611, 1, 9181);
INSERT INTO public.film_job_person VALUES (432, 601, 2, 9976);
INSERT INTO public.film_job_person VALUES (433, 601, 2, 69597);
INSERT INTO public.film_job_person VALUES (434, 601, 2, 9978);
INSERT INTO public.film_job_person VALUES (435, 601, 2, 9979);
INSERT INTO public.film_job_person VALUES (436, 601, 2, 62001);
INSERT INTO public.film_job_person VALUES (437, 601, 2, 23764);
INSERT INTO public.film_job_person VALUES (438, 601, 2, 9980);
INSERT INTO public.film_job_person VALUES (439, 601, 2, 2878);
INSERT INTO public.film_job_person VALUES (440, 601, 2, 9981);
INSERT INTO public.film_job_person VALUES (441, 601, 1, 488);
INSERT INTO public.film_job_person VALUES (442, 399174, 2, 17419);
INSERT INTO public.film_job_person VALUES (443, 399174, 2, 1726151);
INSERT INTO public.film_job_person VALUES (444, 399174, 2, 12438);
INSERT INTO public.film_job_person VALUES (445, 399174, 2, 819);
INSERT INTO public.film_job_person VALUES (446, 399174, 2, 1532);
INSERT INTO public.film_job_person VALUES (447, 399174, 2, 4785);
INSERT INTO public.film_job_person VALUES (448, 399174, 2, 1714579);
INSERT INTO public.film_job_person VALUES (449, 399174, 2, 26473);
INSERT INTO public.film_job_person VALUES (450, 399174, 2, 1333696);
INSERT INTO public.film_job_person VALUES (451, 399174, 1, 5655);
INSERT INTO public.film_job_person VALUES (452, 2502, 2, 1892);
INSERT INTO public.film_job_person VALUES (453, 2502, 2, 679);
INSERT INTO public.film_job_person VALUES (454, 2502, 2, 1248);
INSERT INTO public.film_job_person VALUES (455, 2502, 2, 12041);
INSERT INTO public.film_job_person VALUES (456, 2502, 2, 1372);
INSERT INTO public.film_job_person VALUES (457, 2502, 2, 32458);
INSERT INTO public.film_job_person VALUES (458, 2502, 2, 11148);
INSERT INTO public.film_job_person VALUES (459, 2502, 2, 20982);
INSERT INTO public.film_job_person VALUES (460, 2502, 2, 27030);
INSERT INTO public.film_job_person VALUES (461, 2502, 1, 25598);
INSERT INTO public.film_job_person VALUES (462, 2503, 2, 1892);
INSERT INTO public.film_job_person VALUES (463, 2503, 2, 12041);
INSERT INTO public.film_job_person VALUES (464, 2503, 2, 11064);
INSERT INTO public.film_job_person VALUES (465, 2503, 2, 349);
INSERT INTO public.film_job_person VALUES (466, 2503, 2, 14887);
INSERT INTO public.film_job_person VALUES (467, 2503, 2, 25616);
INSERT INTO public.film_job_person VALUES (468, 2503, 2, 3926);
INSERT INTO public.film_job_person VALUES (469, 2503, 2, 11148);
INSERT INTO public.film_job_person VALUES (470, 2503, 2, 27030);
INSERT INTO public.film_job_person VALUES (471, 2503, 1, 25598);
INSERT INTO public.film_job_person VALUES (472, 2501, 2, 1892);
INSERT INTO public.film_job_person VALUES (473, 2501, 2, 679);
INSERT INTO public.film_job_person VALUES (474, 2501, 2, 2955);
INSERT INTO public.film_job_person VALUES (475, 2501, 2, 2296);
INSERT INTO public.film_job_person VALUES (476, 2501, 2, 1248);
INSERT INTO public.film_job_person VALUES (477, 2501, 2, 31164);
INSERT INTO public.film_job_person VALUES (478, 2501, 2, 32458);
INSERT INTO public.film_job_person VALUES (479, 2501, 2, 12041);
INSERT INTO public.film_job_person VALUES (480, 2501, 2, 27740);
INSERT INTO public.film_job_person VALUES (481, 2501, 1, 11694);
INSERT INTO public.film_job_person VALUES (482, 391713, 2, 36592);
INSERT INTO public.film_job_person VALUES (483, 391713, 2, 12133);
INSERT INTO public.film_job_person VALUES (484, 391713, 2, 72638);
INSERT INTO public.film_job_person VALUES (485, 391713, 2, 1105079);
INSERT INTO public.film_job_person VALUES (486, 391713, 2, 1190668);
INSERT INTO public.film_job_person VALUES (487, 391713, 2, 1496393);
INSERT INTO public.film_job_person VALUES (488, 391713, 2, 2207);
INSERT INTO public.film_job_person VALUES (489, 391713, 2, 196179);
INSERT INTO public.film_job_person VALUES (490, 391713, 2, 1121786);
INSERT INTO public.film_job_person VALUES (491, 391713, 1, 45400);
INSERT INTO public.film_job_person VALUES (492, 522627, 2, 10297);
INSERT INTO public.film_job_person VALUES (493, 522627, 2, 56365);
INSERT INTO public.film_job_person VALUES (494, 522627, 2, 70904);
INSERT INTO public.film_job_person VALUES (495, 522627, 2, 239271);
INSERT INTO public.film_job_person VALUES (496, 522627, 2, 45753);
INSERT INTO public.film_job_person VALUES (497, 522627, 2, 72466);
INSERT INTO public.film_job_person VALUES (498, 522627, 2, 1807132);
INSERT INTO public.film_job_person VALUES (499, 522627, 2, 67212);
INSERT INTO public.film_job_person VALUES (500, 522627, 2, 1285754);
INSERT INTO public.film_job_person VALUES (501, 522627, 1, 956);
INSERT INTO public.film_job_person VALUES (502, 11621, 2, 70046);
INSERT INTO public.film_job_person VALUES (503, 11621, 2, 70047);
INSERT INTO public.film_job_person VALUES (504, 11621, 2, 70048);
INSERT INTO public.film_job_person VALUES (505, 11621, 2, 20334);
INSERT INTO public.film_job_person VALUES (506, 11621, 2, 90133);
INSERT INTO public.film_job_person VALUES (507, 11621, 2, 40451);
INSERT INTO public.film_job_person VALUES (508, 11621, 2, 551769);
INSERT INTO public.film_job_person VALUES (509, 11621, 2, 553785);
INSERT INTO public.film_job_person VALUES (510, 11621, 2, 83932);
INSERT INTO public.film_job_person VALUES (511, 11621, 1, 608);
INSERT INTO public.film_job_person VALUES (512, 109410, 2, 172069);
INSERT INTO public.film_job_person VALUES (513, 109410, 2, 3);
INSERT INTO public.film_job_person VALUES (514, 109410, 2, 87243);
INSERT INTO public.film_job_person VALUES (515, 109410, 2, 22227);
INSERT INTO public.film_job_person VALUES (516, 109410, 2, 57136);
INSERT INTO public.film_job_person VALUES (517, 109410, 2, 155);
INSERT INTO public.film_job_person VALUES (518, 109410, 2, 459980);
INSERT INTO public.film_job_person VALUES (519, 109410, 2, 21088);
INSERT INTO public.film_job_person VALUES (520, 109410, 2, 184581);
INSERT INTO public.film_job_person VALUES (521, 109410, 1, 4723);
INSERT INTO public.film_job_person VALUES (522, 81728, 2, 1194157);
INSERT INTO public.film_job_person VALUES (523, 81728, 2, 1194154);
INSERT INTO public.film_job_person VALUES (524, 81728, 2, 1194155);
INSERT INTO public.film_job_person VALUES (525, 81728, 2, 2267442);
INSERT INTO public.film_job_person VALUES (526, 81728, 2, 1194158);
INSERT INTO public.film_job_person VALUES (527, 81728, 2, 1194159);
INSERT INTO public.film_job_person VALUES (528, 81728, 1, 2267444);
INSERT INTO public.film_job_person VALUES (529, 14164, 2, 503);
INSERT INTO public.film_job_person VALUES (530, 14164, 2, 1619);
INSERT INTO public.film_job_person VALUES (531, 14164, 2, 78323);
INSERT INTO public.film_job_person VALUES (532, 14164, 2, 78324);
INSERT INTO public.film_job_person VALUES (533, 14164, 2, 4730);
INSERT INTO public.film_job_person VALUES (534, 14164, 2, 47297);
INSERT INTO public.film_job_person VALUES (535, 14164, 2, 9462);
INSERT INTO public.film_job_person VALUES (536, 14164, 2, 8874);
INSERT INTO public.film_job_person VALUES (537, 14164, 2, 53185);
INSERT INTO public.film_job_person VALUES (538, 14164, 1, 57134);
INSERT INTO public.film_job_person VALUES (539, 9323, 2, 34923);
INSERT INTO public.film_job_person VALUES (540, 9323, 2, 40451);
INSERT INTO public.film_job_person VALUES (541, 9323, 2, 625);
INSERT INTO public.film_job_person VALUES (542, 9323, 2, 20664);
INSERT INTO public.film_job_person VALUES (543, 9323, 2, 83933);
INSERT INTO public.film_job_person VALUES (544, 9323, 2, 12199);
INSERT INTO public.film_job_person VALUES (545, 9323, 2, 1681);
INSERT INTO public.film_job_person VALUES (546, 9323, 2, 1765827);
INSERT INTO public.film_job_person VALUES (547, 9323, 2, 1241453);
INSERT INTO public.film_job_person VALUES (548, 9323, 1, 12180);
INSERT INTO public.film_job_person VALUES (549, 920, 2, 887);
INSERT INTO public.film_job_person VALUES (550, 920, 2, 3636);
INSERT INTO public.film_job_person VALUES (551, 920, 2, 5149);
INSERT INTO public.film_job_person VALUES (552, 920, 2, 15897);
INSERT INTO public.film_job_person VALUES (553, 920, 2, 11159);
INSERT INTO public.film_job_person VALUES (554, 920, 2, 4252);
INSERT INTO public.film_job_person VALUES (555, 920, 2, 15898);
INSERT INTO public.film_job_person VALUES (556, 920, 2, 15899);
INSERT INTO public.film_job_person VALUES (557, 920, 2, 15900);
INSERT INTO public.film_job_person VALUES (558, 920, 1, 7879);
INSERT INTO public.film_job_person VALUES (559, 27579, 2, 1461);
INSERT INTO public.film_job_person VALUES (560, 27579, 2, 44649);
INSERT INTO public.film_job_person VALUES (561, 27579, 2, 45749);
INSERT INTO public.film_job_person VALUES (562, 27579, 2, 4819);
INSERT INTO public.film_job_person VALUES (563, 27579, 2, 53904);
INSERT INTO public.film_job_person VALUES (564, 27579, 2, 85386);
INSERT INTO public.film_job_person VALUES (565, 27579, 2, 1280827);
INSERT INTO public.film_job_person VALUES (566, 27579, 2, 55002);
INSERT INTO public.film_job_person VALUES (567, 27579, 2, 226029);
INSERT INTO public.film_job_person VALUES (568, 27579, 1, 45052);
INSERT INTO public.film_job_person VALUES (569, 10191, 2, 449);
INSERT INTO public.film_job_person VALUES (570, 10191, 2, 17276);
INSERT INTO public.film_job_person VALUES (571, 10191, 2, 24264);
INSERT INTO public.film_job_person VALUES (572, 10191, 2, 59174);
INSERT INTO public.film_job_person VALUES (573, 10191, 2, 21007);
INSERT INTO public.film_job_person VALUES (574, 10191, 2, 54691);
INSERT INTO public.film_job_person VALUES (575, 10191, 2, 51990);
INSERT INTO public.film_job_person VALUES (576, 10191, 2, 41091);
INSERT INTO public.film_job_person VALUES (577, 10191, 2, 130081);
INSERT INTO public.film_job_person VALUES (578, 10191, 1, 69797);
INSERT INTO public.film_job_person VALUES (579, 10191, 1, 66193);
INSERT INTO public.film_job_person VALUES (580, 78, 2, 3);
INSERT INTO public.film_job_person VALUES (581, 78, 2, 585);
INSERT INTO public.film_job_person VALUES (582, 78, 2, 586);
INSERT INTO public.film_job_person VALUES (583, 78, 2, 587);
INSERT INTO public.film_job_person VALUES (584, 78, 2, 588);
INSERT INTO public.film_job_person VALUES (585, 78, 2, 589);
INSERT INTO public.film_job_person VALUES (586, 78, 2, 590);
INSERT INTO public.film_job_person VALUES (587, 78, 2, 591);
INSERT INTO public.film_job_person VALUES (588, 78, 2, 592);
INSERT INTO public.film_job_person VALUES (589, 78, 1, 578);
INSERT INTO public.film_job_person VALUES (590, 209112, 2, 880);
INSERT INTO public.film_job_person VALUES (591, 209112, 2, 73968);
INSERT INTO public.film_job_person VALUES (592, 209112, 2, 44735);
INSERT INTO public.film_job_person VALUES (593, 209112, 2, 90633);
INSERT INTO public.film_job_person VALUES (594, 209112, 2, 9273);
INSERT INTO public.film_job_person VALUES (595, 209112, 2, 2882);
INSERT INTO public.film_job_person VALUES (596, 209112, 2, 2975);
INSERT INTO public.film_job_person VALUES (597, 209112, 2, 16940);
INSERT INTO public.film_job_person VALUES (598, 209112, 2, 18686);
INSERT INTO public.film_job_person VALUES (599, 209112, 1, 15217);
INSERT INTO public.film_job_person VALUES (600, 330459, 2, 72855);
INSERT INTO public.film_job_person VALUES (601, 330459, 2, 8688);
INSERT INTO public.film_job_person VALUES (602, 330459, 2, 21088);
INSERT INTO public.film_job_person VALUES (603, 330459, 2, 1341);
INSERT INTO public.film_job_person VALUES (604, 330459, 2, 77301);
INSERT INTO public.film_job_person VALUES (605, 330459, 2, 77335);
INSERT INTO public.film_job_person VALUES (606, 330459, 2, 40638);
INSERT INTO public.film_job_person VALUES (607, 330459, 2, 2178);
INSERT INTO public.film_job_person VALUES (608, 330459, 2, 53240);
INSERT INTO public.film_job_person VALUES (609, 330459, 1, 129894);
INSERT INTO public.film_job_person VALUES (610, 1359, 2, 3894);
INSERT INTO public.film_job_person VALUES (611, 1359, 2, 15009);
INSERT INTO public.film_job_person VALUES (612, 1359, 2, 6164);
INSERT INTO public.film_job_person VALUES (613, 1359, 2, 32029);
INSERT INTO public.film_job_person VALUES (614, 1359, 2, 2838);
INSERT INTO public.film_job_person VALUES (615, 1359, 2, 368);
INSERT INTO public.film_job_person VALUES (616, 1359, 2, 20767);
INSERT INTO public.film_job_person VALUES (617, 1359, 2, 11154);
INSERT INTO public.film_job_person VALUES (618, 1359, 2, 7499);
INSERT INTO public.film_job_person VALUES (619, 1359, 1, 16378);
INSERT INTO public.film_job_person VALUES (620, 244786, 2, 996701);
INSERT INTO public.film_job_person VALUES (621, 244786, 2, 18999);
INSERT INTO public.film_job_person VALUES (622, 244786, 2, 781);
INSERT INTO public.film_job_person VALUES (623, 244786, 2, 129104);
INSERT INTO public.film_job_person VALUES (624, 244786, 2, 970216);
INSERT INTO public.film_job_person VALUES (625, 244786, 2, 1451540);
INSERT INTO public.film_job_person VALUES (626, 244786, 2, 15824);
INSERT INTO public.film_job_person VALUES (627, 244786, 2, 53454);
INSERT INTO public.film_job_person VALUES (628, 244786, 2, 1212459);
INSERT INTO public.film_job_person VALUES (629, 244786, 1, 136495);
INSERT INTO public.film_job_person VALUES (630, 161, 2, 1461);
INSERT INTO public.film_job_person VALUES (631, 161, 2, 287);
INSERT INTO public.film_job_person VALUES (632, 161, 2, 1271);
INSERT INTO public.film_job_person VALUES (633, 161, 2, 1892);
INSERT INTO public.film_job_person VALUES (634, 161, 2, 1204);
INSERT INTO public.film_job_person VALUES (635, 161, 2, 1893);
INSERT INTO public.film_job_person VALUES (636, 161, 2, 1894);
INSERT INTO public.film_job_person VALUES (637, 161, 2, 827);
INSERT INTO public.film_job_person VALUES (638, 161, 2, 1898);
INSERT INTO public.film_job_person VALUES (639, 161, 1, 1884);
INSERT INTO public.film_job_person VALUES (640, 81, 2, 613);
INSERT INTO public.film_job_person VALUES (641, 81, 2, 617);
INSERT INTO public.film_job_person VALUES (642, 81, 2, 616);
INSERT INTO public.film_job_person VALUES (643, 81, 2, 622);
INSERT INTO public.film_job_person VALUES (644, 81, 2, 624);
INSERT INTO public.film_job_person VALUES (645, 81, 2, 625);
INSERT INTO public.film_job_person VALUES (646, 81, 2, 615);
INSERT INTO public.film_job_person VALUES (647, 81, 2, 614);
INSERT INTO public.film_job_person VALUES (648, 81, 2, 623);
INSERT INTO public.film_job_person VALUES (649, 81, 1, 608);
INSERT INTO public.film_job_person VALUES (650, 7345, 2, 11856);
INSERT INTO public.film_job_person VALUES (651, 7345, 2, 17142);
INSERT INTO public.film_job_person VALUES (652, 7345, 2, 18916);
INSERT INTO public.film_job_person VALUES (653, 7345, 2, 8785);
INSERT INTO public.film_job_person VALUES (654, 7345, 2, 52564);
INSERT INTO public.film_job_person VALUES (655, 7345, 2, 52565);
INSERT INTO public.film_job_person VALUES (656, 7345, 2, 52566);
INSERT INTO public.film_job_person VALUES (657, 7345, 2, 8214);
INSERT INTO public.film_job_person VALUES (658, 7345, 2, 53668);
INSERT INTO public.film_job_person VALUES (659, 7345, 1, 4762);
INSERT INTO public.film_job_person VALUES (660, 490132, 2, 110);
INSERT INTO public.film_job_person VALUES (661, 490132, 2, 932967);
INSERT INTO public.film_job_person VALUES (662, 490132, 2, 1817);
INSERT INTO public.film_job_person VALUES (663, 490132, 2, 299743);
INSERT INTO public.film_job_person VALUES (664, 490132, 2, 1613744);
INSERT INTO public.film_job_person VALUES (665, 490132, 2, 130532);
INSERT INTO public.film_job_person VALUES (666, 490132, 2, 1211946);
INSERT INTO public.film_job_person VALUES (667, 490132, 2, 830);
INSERT INTO public.film_job_person VALUES (668, 490132, 2, 5907315);
INSERT INTO public.film_job_person VALUES (669, 490132, 1, 7396);
INSERT INTO public.film_job_person VALUES (670, 11878, 2, 7450);
INSERT INTO public.film_job_person VALUES (671, 11878, 2, 70131);
INSERT INTO public.film_job_person VALUES (672, 11878, 2, 70811);
INSERT INTO public.film_job_person VALUES (673, 11878, 2, 33761);
INSERT INTO public.film_job_person VALUES (674, 11878, 2, 7457);
INSERT INTO public.film_job_person VALUES (675, 11878, 2, 83202);
INSERT INTO public.film_job_person VALUES (676, 11878, 2, 7453);
INSERT INTO public.film_job_person VALUES (677, 11878, 2, 33763);
INSERT INTO public.film_job_person VALUES (678, 11878, 2, 131201);
INSERT INTO public.film_job_person VALUES (679, 11878, 1, 5026);
INSERT INTO public.film_job_person VALUES (680, 945961, 2, 1683343);
INSERT INTO public.film_job_person VALUES (681, 945961, 2, 2761308);
INSERT INTO public.film_job_person VALUES (682, 945961, 2, 2164506);
INSERT INTO public.film_job_person VALUES (683, 945961, 2, 1428070);
INSERT INTO public.film_job_person VALUES (684, 945961, 2, 2304140);
INSERT INTO public.film_job_person VALUES (685, 945961, 2, 3948018);
INSERT INTO public.film_job_person VALUES (686, 945961, 2, 1737976);
INSERT INTO public.film_job_person VALUES (687, 945961, 2, 4848544);
INSERT INTO public.film_job_person VALUES (688, 945961, 2, 4848546);
INSERT INTO public.film_job_person VALUES (689, 945961, 1, 932248);
INSERT INTO public.film_job_person VALUES (690, 1061474, 2, 1785590);
INSERT INTO public.film_job_person VALUES (691, 1061474, 2, 993774);
INSERT INTO public.film_job_person VALUES (692, 1061474, 2, 3292);
INSERT INTO public.film_job_person VALUES (693, 1061474, 2, 39391);
INSERT INTO public.film_job_person VALUES (694, 1061474, 2, 51797);
INSERT INTO public.film_job_person VALUES (695, 1061474, 2, 1428070);
INSERT INTO public.film_job_person VALUES (696, 1061474, 2, 1601451);
INSERT INTO public.film_job_person VALUES (697, 1061474, 2, 61263);
INSERT INTO public.film_job_person VALUES (698, 1061474, 2, 21088);
INSERT INTO public.film_job_person VALUES (699, 1061474, 1, 15218);
INSERT INTO public.film_job_person VALUES (700, 278, 2, 504);
INSERT INTO public.film_job_person VALUES (701, 278, 2, 192);
INSERT INTO public.film_job_person VALUES (702, 278, 2, 4029);
INSERT INTO public.film_job_person VALUES (703, 278, 2, 6573);
INSERT INTO public.film_job_person VALUES (704, 278, 2, 6574);
INSERT INTO public.film_job_person VALUES (705, 278, 2, 6575);
INSERT INTO public.film_job_person VALUES (706, 278, 2, 6577);
INSERT INTO public.film_job_person VALUES (707, 278, 2, 6576);
INSERT INTO public.film_job_person VALUES (708, 278, 2, 12645);
INSERT INTO public.film_job_person VALUES (709, 278, 1, 4027);
INSERT INTO public.film_job_person VALUES (710, 12429, 2, 78346);
INSERT INTO public.film_job_person VALUES (711, 12429, 2, 78347);
INSERT INTO public.film_job_person VALUES (712, 12429, 2, 78348);
INSERT INTO public.film_job_person VALUES (713, 12429, 2, 78349);
INSERT INTO public.film_job_person VALUES (714, 12429, 2, 78350);
INSERT INTO public.film_job_person VALUES (715, 12429, 2, 78351);
INSERT INTO public.film_job_person VALUES (716, 12429, 2, 78352);
INSERT INTO public.film_job_person VALUES (717, 12429, 2, 78353);
INSERT INTO public.film_job_person VALUES (718, 12429, 2, 78354);
INSERT INTO public.film_job_person VALUES (719, 12429, 1, 608);
INSERT INTO public.film_job_person VALUES (720, 11472, 2, 3291);
INSERT INTO public.film_job_person VALUES (721, 11472, 2, 1231);
INSERT INTO public.film_job_person VALUES (722, 11472, 2, 74036);
INSERT INTO public.film_job_person VALUES (723, 11472, 2, 3234);
INSERT INTO public.film_job_person VALUES (724, 11472, 2, 4785);
INSERT INTO public.film_job_person VALUES (725, 11472, 2, 2157);
INSERT INTO public.film_job_person VALUES (726, 11472, 2, 149209);
INSERT INTO public.film_job_person VALUES (727, 11472, 2, 112085);
INSERT INTO public.film_job_person VALUES (728, 11472, 2, 34486);
INSERT INTO public.film_job_person VALUES (729, 11472, 1, 10965);
INSERT INTO public.film_job_person VALUES (730, 116745, 2, 7399);
INSERT INTO public.film_job_person VALUES (731, 116745, 2, 41091);
INSERT INTO public.film_job_person VALUES (732, 116745, 2, 2228);
INSERT INTO public.film_job_person VALUES (733, 116745, 2, 4090);
INSERT INTO public.film_job_person VALUES (734, 116745, 2, 36801);
INSERT INTO public.film_job_person VALUES (735, 116745, 2, 17696);
INSERT INTO public.film_job_person VALUES (736, 116745, 2, 10872);
INSERT INTO public.film_job_person VALUES (737, 116745, 2, 94432);
INSERT INTO public.film_job_person VALUES (738, 116745, 2, 110902);
INSERT INTO public.film_job_person VALUES (739, 116745, 1, 7399);
INSERT INTO public.film_job_person VALUES (740, 10386, 2, 4491);
INSERT INTO public.film_job_person VALUES (741, 10386, 2, 18688);
INSERT INTO public.film_job_person VALUES (742, 10386, 2, 12835);
INSERT INTO public.film_job_person VALUES (743, 10386, 2, 16433);
INSERT INTO public.film_job_person VALUES (744, 10386, 2, 9599);
INSERT INTO public.film_job_person VALUES (745, 10386, 2, 4443);
INSERT INTO public.film_job_person VALUES (746, 10386, 2, 4251);
INSERT INTO public.film_job_person VALUES (747, 10386, 2, 116027);
INSERT INTO public.film_job_person VALUES (748, 10386, 2, 588);
INSERT INTO public.film_job_person VALUES (749, 10386, 1, 7087);
INSERT INTO public.film_job_person VALUES (750, 1376434, 2, 1679770);
INSERT INTO public.film_job_person VALUES (751, 1376434, 2, 113308);
INSERT INTO public.film_job_person VALUES (752, 1376434, 2, 53184);
INSERT INTO public.film_job_person VALUES (753, 1376434, 2, 2712);
INSERT INTO public.film_job_person VALUES (754, 1376434, 2, 1047370);
INSERT INTO public.film_job_person VALUES (755, 1376434, 2, 1445715);
INSERT INTO public.film_job_person VALUES (756, 1376434, 2, 1681573);
INSERT INTO public.film_job_person VALUES (757, 1376434, 2, 1043835);
INSERT INTO public.film_job_person VALUES (758, 1376434, 2, 83272);
INSERT INTO public.film_job_person VALUES (759, 1376434, 1, 568322);
INSERT INTO public.film_job_person VALUES (760, 27578, 2, 16483);
INSERT INTO public.film_job_person VALUES (761, 27578, 2, 976);
INSERT INTO public.film_job_person VALUES (762, 27578, 2, 1336);
INSERT INTO public.film_job_person VALUES (763, 27578, 2, 16644);
INSERT INTO public.film_job_person VALUES (764, 27578, 2, 21315);
INSERT INTO public.film_job_person VALUES (765, 27578, 2, 74748);
INSERT INTO public.film_job_person VALUES (766, 27578, 2, 77120);
INSERT INTO public.film_job_person VALUES (767, 27578, 2, 22821);
INSERT INTO public.film_job_person VALUES (768, 27578, 2, 99414);
INSERT INTO public.film_job_person VALUES (769, 27578, 1, 16483);
INSERT INTO public.film_job_person VALUES (770, 586863, 2, 579211);
INSERT INTO public.film_job_person VALUES (771, 586863, 2, 1710851);
INSERT INTO public.film_job_person VALUES (772, 586863, 2, 1768054);
INSERT INTO public.film_job_person VALUES (773, 586863, 2, 1170608);
INSERT INTO public.film_job_person VALUES (774, 586863, 2, 77191);
INSERT INTO public.film_job_person VALUES (775, 586863, 2, 2427680);
INSERT INTO public.film_job_person VALUES (776, 586863, 2, 2427681);
INSERT INTO public.film_job_person VALUES (777, 586863, 2, 1778153);
INSERT INTO public.film_job_person VALUES (778, 586863, 2, 2427682);
INSERT INTO public.film_job_person VALUES (779, 586863, 1, 144817);
INSERT INTO public.film_job_person VALUES (780, 146233, 2, 6968);
INSERT INTO public.film_job_person VALUES (781, 146233, 2, 131);
INSERT INTO public.film_job_person VALUES (782, 146233, 2, 19492);
INSERT INTO public.film_job_person VALUES (783, 146233, 2, 49);
INSERT INTO public.film_job_person VALUES (784, 146233, 2, 18288);
INSERT INTO public.film_job_person VALUES (785, 146233, 2, 6832);
INSERT INTO public.film_job_person VALUES (786, 146233, 2, 17142);
INSERT INTO public.film_job_person VALUES (787, 146233, 2, 112476);
INSERT INTO public.film_job_person VALUES (788, 146233, 2, 587036);
INSERT INTO public.film_job_person VALUES (789, 146233, 1, 137427);
INSERT INTO public.film_job_person VALUES (790, 270946, 2, 18864);
INSERT INTO public.film_job_person VALUES (791, 270946, 2, 12098);
INSERT INTO public.film_job_person VALUES (792, 270946, 2, 12097);
INSERT INTO public.film_job_person VALUES (793, 270946, 2, 12080);
INSERT INTO public.film_job_person VALUES (794, 270946, 2, 6949);
INSERT INTO public.film_job_person VALUES (795, 270946, 2, 71580);
INSERT INTO public.film_job_person VALUES (796, 270946, 2, 83586);
INSERT INTO public.film_job_person VALUES (797, 270946, 2, 1257563);
INSERT INTO public.film_job_person VALUES (798, 270946, 2, 53);
INSERT INTO public.film_job_person VALUES (799, 270946, 1, 44114);
INSERT INTO public.film_job_person VALUES (800, 270946, 1, 18863);
INSERT INTO public.film_job_person VALUES (801, 333484, 2, 5292);
INSERT INTO public.film_job_person VALUES (802, 333484, 2, 73457);
INSERT INTO public.film_job_person VALUES (803, 333484, 2, 569);
INSERT INTO public.film_job_person VALUES (804, 333484, 2, 7132);
INSERT INTO public.film_job_person VALUES (805, 333484, 2, 25002);
INSERT INTO public.film_job_person VALUES (806, 333484, 2, 1168097);
INSERT INTO public.film_job_person VALUES (807, 333484, 2, 1584347);
INSERT INTO public.film_job_person VALUES (808, 333484, 2, 133);
INSERT INTO public.film_job_person VALUES (809, 333484, 2, 58754);
INSERT INTO public.film_job_person VALUES (810, 333484, 1, 20907);
INSERT INTO public.film_job_person VALUES (811, 187, 2, 62);
INSERT INTO public.film_job_person VALUES (812, 187, 2, 56731);
INSERT INTO public.film_job_person VALUES (813, 187, 2, 2296);
INSERT INTO public.film_job_person VALUES (814, 187, 2, 2295);
INSERT INTO public.film_job_person VALUES (815, 187, 2, 585);
INSERT INTO public.film_job_person VALUES (816, 187, 2, 1121);
INSERT INTO public.film_job_person VALUES (817, 187, 2, 6279);
INSERT INTO public.film_job_person VALUES (818, 187, 2, 147);
INSERT INTO public.film_job_person VALUES (819, 187, 2, 6280);
INSERT INTO public.film_job_person VALUES (820, 187, 1, 2294);
INSERT INTO public.film_job_person VALUES (821, 187, 1, 2293);
INSERT INTO public.film_job_person VALUES (822, 782, 2, 569);
INSERT INTO public.film_job_person VALUES (823, 782, 2, 139);
INSERT INTO public.film_job_person VALUES (824, 782, 2, 9642);
INSERT INTO public.film_job_person VALUES (825, 782, 2, 1903);
INSERT INTO public.film_job_person VALUES (826, 782, 2, 11628);
INSERT INTO public.film_job_person VALUES (827, 782, 2, 11626);
INSERT INTO public.film_job_person VALUES (828, 782, 2, 4252);
INSERT INTO public.film_job_person VALUES (829, 782, 2, 7502);
INSERT INTO public.film_job_person VALUES (830, 782, 2, 56871);
INSERT INTO public.film_job_person VALUES (831, 782, 1, 8685);
INSERT INTO public.film_job_person VALUES (832, 1234821, 2, 1245);
INSERT INTO public.film_job_person VALUES (833, 1234821, 2, 932967);
INSERT INTO public.film_job_person VALUES (834, 1234821, 2, 80860);
INSERT INTO public.film_job_person VALUES (835, 1234821, 2, 36669);
INSERT INTO public.film_job_person VALUES (836, 1234821, 2, 1168097);
INSERT INTO public.film_job_person VALUES (837, 1234821, 2, 1362844);
INSERT INTO public.film_job_person VALUES (838, 1234821, 2, 2525701);
INSERT INTO public.film_job_person VALUES (839, 1234821, 2, 3673493);
INSERT INTO public.film_job_person VALUES (840, 1234821, 2, 2496534);
INSERT INTO public.film_job_person VALUES (841, 1234821, 1, 129894);
INSERT INTO public.film_job_person VALUES (842, 1214931, 2, 934);
INSERT INTO public.film_job_person VALUES (843, 1214931, 2, 17838);
INSERT INTO public.film_job_person VALUES (844, 1214931, 2, 335);
INSERT INTO public.film_job_person VALUES (845, 1214931, 2, 3477880);
INSERT INTO public.film_job_person VALUES (846, 1214931, 2, 21134);
INSERT INTO public.film_job_person VALUES (847, 1214931, 2, 20766);
INSERT INTO public.film_job_person VALUES (848, 1214931, 2, 3492);
INSERT INTO public.film_job_person VALUES (849, 1214931, 2, 225411);
INSERT INTO public.film_job_person VALUES (850, 1214931, 2, 133931);
INSERT INTO public.film_job_person VALUES (851, 1214931, 1, 20204);
INSERT INTO public.film_job_person VALUES (852, 296098, 2, 31);
INSERT INTO public.film_job_person VALUES (853, 296098, 2, 40900);
INSERT INTO public.film_job_person VALUES (854, 296098, 2, 39388);
INSERT INTO public.film_job_person VALUES (855, 296098, 2, 21278);
INSERT INTO public.film_job_person VALUES (856, 296098, 2, 8197);
INSERT INTO public.film_job_person VALUES (857, 296098, 2, 970216);
INSERT INTO public.film_job_person VALUES (858, 296098, 2, 141034);
INSERT INTO public.film_job_person VALUES (859, 296098, 2, 1371012);
INSERT INTO public.film_job_person VALUES (860, 296098, 2, 91453);
INSERT INTO public.film_job_person VALUES (861, 296098, 1, 488);
INSERT INTO public.film_job_person VALUES (862, 1242898, 2, 18050);
INSERT INTO public.film_job_person VALUES (863, 1242898, 2, 3223391);
INSERT INTO public.film_job_person VALUES (864, 1242898, 2, 1891826);
INSERT INTO public.film_job_person VALUES (865, 1242898, 2, 2253146);
INSERT INTO public.film_job_person VALUES (866, 1242898, 2, 1636658);
INSERT INTO public.film_job_person VALUES (867, 1242898, 2, 1440649);
INSERT INTO public.film_job_person VALUES (868, 1242898, 2, 1856011);
INSERT INTO public.film_job_person VALUES (869, 1242898, 2, 1257565);
INSERT INTO public.film_job_person VALUES (870, 1242898, 2, 1179419);
INSERT INTO public.film_job_person VALUES (871, 1242898, 1, 568322);
INSERT INTO public.film_job_person VALUES (872, 9377, 2, 4756);
INSERT INTO public.film_job_person VALUES (873, 9377, 2, 2394);
INSERT INTO public.film_job_person VALUES (874, 9377, 2, 29091);
INSERT INTO public.film_job_person VALUES (875, 9377, 2, 4004);
INSERT INTO public.film_job_person VALUES (876, 9377, 2, 722);
INSERT INTO public.film_job_person VALUES (877, 9377, 2, 74276);
INSERT INTO public.film_job_person VALUES (878, 9377, 2, 90198);
INSERT INTO public.film_job_person VALUES (879, 9377, 2, 3202);
INSERT INTO public.film_job_person VALUES (880, 9377, 2, 6952);
INSERT INTO public.film_job_person VALUES (881, 9377, 1, 11505);
INSERT INTO public.film_job_person VALUES (882, 438631, 2, 1190668);
INSERT INTO public.film_job_person VALUES (883, 438631, 2, 933238);
INSERT INTO public.film_job_person VALUES (884, 438631, 2, 25072);
INSERT INTO public.film_job_person VALUES (885, 438631, 2, 117642);
INSERT INTO public.film_job_person VALUES (886, 438631, 2, 1640);
INSERT INTO public.film_job_person VALUES (887, 438631, 2, 196179);
INSERT INTO public.film_job_person VALUES (888, 438631, 2, 16851);
INSERT INTO public.film_job_person VALUES (889, 438631, 2, 3810);
INSERT INTO public.film_job_person VALUES (890, 438631, 2, 195666);
INSERT INTO public.film_job_person VALUES (891, 438631, 1, 137427);
INSERT INTO public.film_job_person VALUES (892, 813, 2, 14416);
INSERT INTO public.film_job_person VALUES (893, 813, 2, 14415);
INSERT INTO public.film_job_person VALUES (894, 813, 2, 7633);
INSERT INTO public.film_job_person VALUES (895, 813, 2, 14414);
INSERT INTO public.film_job_person VALUES (896, 813, 2, 2177);
INSERT INTO public.film_job_person VALUES (897, 813, 2, 9111);
INSERT INTO public.film_job_person VALUES (898, 813, 2, 2493);
INSERT INTO public.film_job_person VALUES (899, 813, 2, 14418);
INSERT INTO public.film_job_person VALUES (900, 813, 2, 173263);
INSERT INTO public.film_job_person VALUES (901, 813, 1, 12936);
INSERT INTO public.film_job_person VALUES (902, 813, 1, 3415);
INSERT INTO public.film_job_person VALUES (903, 813, 1, 12987);
INSERT INTO public.film_job_person VALUES (904, 205596, 2, 71580);
INSERT INTO public.film_job_person VALUES (905, 205596, 2, 116);
INSERT INTO public.film_job_person VALUES (906, 205596, 2, 1247);
INSERT INTO public.film_job_person VALUES (907, 205596, 2, 139549);
INSERT INTO public.film_job_person VALUES (908, 205596, 2, 85718);
INSERT INTO public.film_job_person VALUES (909, 205596, 2, 213394);
INSERT INTO public.film_job_person VALUES (910, 205596, 2, 4391);
INSERT INTO public.film_job_person VALUES (911, 205596, 2, 2983);
INSERT INTO public.film_job_person VALUES (912, 205596, 2, 1362119);
INSERT INTO public.film_job_person VALUES (913, 205596, 1, 77965);
INSERT INTO public.film_job_person VALUES (914, 1233413, 2, 135651);
INSERT INTO public.film_job_person VALUES (915, 1233413, 2, 130640);
INSERT INTO public.film_job_person VALUES (916, 1233413, 2, 4688032);
INSERT INTO public.film_job_person VALUES (917, 1233413, 2, 85065);
INSERT INTO public.film_job_person VALUES (918, 1233413, 2, 134774);
INSERT INTO public.film_job_person VALUES (919, 1233413, 2, 2455272);
INSERT INTO public.film_job_person VALUES (920, 1233413, 2, 334);
INSERT INTO public.film_job_person VALUES (921, 1233413, 2, 18792);
INSERT INTO public.film_job_person VALUES (922, 1233413, 2, 1321015);
INSERT INTO public.film_job_person VALUES (923, 1233413, 1, 1056121);
INSERT INTO public.film_job_person VALUES (924, 273481, 2, 5081);
INSERT INTO public.film_job_person VALUES (925, 273481, 2, 1121);
INSERT INTO public.film_job_person VALUES (926, 273481, 2, 16851);
INSERT INTO public.film_job_person VALUES (927, 273481, 2, 8536);
INSERT INTO public.film_job_person VALUES (928, 273481, 2, 19498);
INSERT INTO public.film_job_person VALUES (929, 273481, 2, 206919);
INSERT INTO public.film_job_person VALUES (930, 273481, 2, 52886);
INSERT INTO public.film_job_person VALUES (931, 273481, 2, 17688);
INSERT INTO public.film_job_person VALUES (932, 273481, 2, 36634);
INSERT INTO public.film_job_person VALUES (933, 273481, 1, 137427);
INSERT INTO public.film_job_person VALUES (934, 400535, 2, 1121);
INSERT INTO public.film_job_person VALUES (935, 400535, 2, 16851);
INSERT INTO public.film_job_person VALUES (936, 400535, 2, 1428070);
INSERT INTO public.film_job_person VALUES (937, 400535, 2, 52886);
INSERT INTO public.film_job_person VALUES (938, 400535, 2, 2229);
INSERT INTO public.film_job_person VALUES (939, 400535, 2, 1168097);
INSERT INTO public.film_job_person VALUES (940, 400535, 2, 8654);
INSERT INTO public.film_job_person VALUES (941, 400535, 2, 74242);
INSERT INTO public.film_job_person VALUES (942, 400535, 2, 1468612);
INSERT INTO public.film_job_person VALUES (943, 400535, 1, 932533);
INSERT INTO public.film_job_person VALUES (944, 8963, 2, 5292);
INSERT INTO public.film_job_person VALUES (945, 8963, 2, 193);
INSERT INTO public.film_job_person VALUES (946, 8963, 2, 13525);
INSERT INTO public.film_job_person VALUES (947, 8963, 2, 10477);
INSERT INTO public.film_job_person VALUES (948, 8963, 2, 110);
INSERT INTO public.film_job_person VALUES (949, 8963, 2, 4691);
INSERT INTO public.film_job_person VALUES (950, 8963, 2, 27448);
INSERT INTO public.film_job_person VALUES (951, 8963, 2, 113387);
INSERT INTO public.film_job_person VALUES (952, 8963, 2, 154295);
INSERT INTO public.film_job_person VALUES (953, 8963, 1, 893);
INSERT INTO public.film_job_person VALUES (954, 558449, 2, 2326151);
INSERT INTO public.film_job_person VALUES (955, 558449, 2, 5292);
INSERT INTO public.film_job_person VALUES (956, 558449, 2, 1253360);
INSERT INTO public.film_job_person VALUES (957, 558449, 2, 935);
INSERT INTO public.film_job_person VALUES (958, 558449, 2, 1597365);
INSERT INTO public.film_job_person VALUES (959, 558449, 2, 2099497);
INSERT INTO public.film_job_person VALUES (960, 558449, 2, 1259880);
INSERT INTO public.film_job_person VALUES (961, 558449, 2, 937);
INSERT INTO public.film_job_person VALUES (962, 558449, 2, 68278);
INSERT INTO public.film_job_person VALUES (963, 558449, 1, 578);
INSERT INTO public.film_job_person VALUES (964, 324552, 2, 6384);
INSERT INTO public.film_job_person VALUES (965, 324552, 2, 4238);
INSERT INTO public.film_job_person VALUES (966, 324552, 2, 2975);
INSERT INTO public.film_job_person VALUES (967, 324552, 2, 59270);
INSERT INTO public.film_job_person VALUES (968, 324552, 2, 1246972);
INSERT INTO public.film_job_person VALUES (969, 324552, 2, 129101);
INSERT INTO public.film_job_person VALUES (970, 324552, 2, 53);
INSERT INTO public.film_job_person VALUES (971, 324552, 2, 18354);
INSERT INTO public.film_job_person VALUES (972, 324552, 2, 22383);
INSERT INTO public.film_job_person VALUES (973, 324552, 1, 40644);
INSERT INTO public.film_job_person VALUES (974, 718789, 2, 16828);
INSERT INTO public.film_job_person VALUES (975, 718789, 2, 74688);
INSERT INTO public.film_job_person VALUES (976, 718789, 2, 21198);
INSERT INTO public.film_job_person VALUES (977, 718789, 2, 55934);
INSERT INTO public.film_job_person VALUES (978, 718789, 2, 1102500);
INSERT INTO public.film_job_person VALUES (979, 718789, 2, 9274);
INSERT INTO public.film_job_person VALUES (980, 718789, 2, 1332680);
INSERT INTO public.film_job_person VALUES (981, 718789, 2, 1537978);
INSERT INTO public.film_job_person VALUES (982, 718789, 2, 17490);
INSERT INTO public.film_job_person VALUES (983, 718789, 1, 7929);
INSERT INTO public.film_job_person VALUES (984, 329865, 2, 9273);
INSERT INTO public.film_job_person VALUES (985, 329865, 2, 17604);
INSERT INTO public.film_job_person VALUES (986, 329865, 2, 2178);
INSERT INTO public.film_job_person VALUES (987, 329865, 2, 72873);
INSERT INTO public.film_job_person VALUES (988, 329865, 2, 225411);
INSERT INTO public.film_job_person VALUES (989, 329865, 2, 21629);
INSERT INTO public.film_job_person VALUES (990, 329865, 2, 1646444);
INSERT INTO public.film_job_person VALUES (991, 329865, 2, 1522166);
INSERT INTO public.film_job_person VALUES (992, 329865, 2, 1646448);
INSERT INTO public.film_job_person VALUES (993, 329865, 1, 137427);
INSERT INTO public.film_job_person VALUES (994, 18886, 2, 2047);
INSERT INTO public.film_job_person VALUES (995, 18886, 2, 5293);
INSERT INTO public.film_job_person VALUES (996, 18886, 2, 36067);
INSERT INTO public.film_job_person VALUES (997, 18886, 2, 2165);
INSERT INTO public.film_job_person VALUES (998, 18886, 2, 3197);
INSERT INTO public.film_job_person VALUES (999, 18886, 2, 97944);
INSERT INTO public.film_job_person VALUES (1000, 18886, 2, 1566830);
INSERT INTO public.film_job_person VALUES (1001, 18886, 2, 9175);
INSERT INTO public.film_job_person VALUES (1002, 18886, 2, 118756);
INSERT INTO public.film_job_person VALUES (1003, 18886, 1, 8328);
INSERT INTO public.film_job_person VALUES (1004, 2048, 2, 2888);
INSERT INTO public.film_job_person VALUES (1005, 2048, 2, 18354);
INSERT INTO public.film_job_person VALUES (1006, 2048, 2, 21088);
INSERT INTO public.film_job_person VALUES (1007, 2048, 2, 2505);
INSERT INTO public.film_job_person VALUES (1008, 2048, 2, 21089);
INSERT INTO public.film_job_person VALUES (1009, 2048, 2, 21090);
INSERT INTO public.film_job_person VALUES (1010, 2048, 2, 8687);
INSERT INTO public.film_job_person VALUES (1011, 2048, 2, 21091);
INSERT INTO public.film_job_person VALUES (1012, 2048, 2, 21092);
INSERT INTO public.film_job_person VALUES (1013, 2048, 1, 21085);
INSERT INTO public.film_job_person VALUES (1014, 68726, 2, 56365);
INSERT INTO public.film_job_person VALUES (1015, 68726, 2, 18054);
INSERT INTO public.film_job_person VALUES (1016, 68726, 2, 17605);
INSERT INTO public.film_job_person VALUES (1017, 68726, 2, 94864);
INSERT INTO public.film_job_person VALUES (1018, 68726, 2, 5365);
INSERT INTO public.film_job_person VALUES (1019, 68726, 2, 2372);
INSERT INTO public.film_job_person VALUES (1020, 68726, 2, 95101);
INSERT INTO public.film_job_person VALUES (1021, 68726, 2, 39659);
INSERT INTO public.film_job_person VALUES (1022, 68726, 2, 1038379);
INSERT INTO public.film_job_person VALUES (1023, 68726, 1, 10828);
INSERT INTO public.film_job_person VALUES (1024, 397567, 2, 75913);
INSERT INTO public.film_job_person VALUES (1025, 397567, 2, 63442);
INSERT INTO public.film_job_person VALUES (1026, 397567, 2, 150125);
INSERT INTO public.film_job_person VALUES (1027, 397567, 2, 1128106);
INSERT INTO public.film_job_person VALUES (1028, 397567, 2, 73249);
INSERT INTO public.film_job_person VALUES (1029, 397567, 2, 118976);
INSERT INTO public.film_job_person VALUES (1030, 397567, 2, 1351055);
INSERT INTO public.film_job_person VALUES (1031, 397567, 2, 77188);
INSERT INTO public.film_job_person VALUES (1032, 397567, 2, 1004565);
INSERT INTO public.film_job_person VALUES (1033, 397567, 1, 84969);
INSERT INTO public.film_job_person VALUES (1034, 11697, 2, 4165);
INSERT INTO public.film_job_person VALUES (1035, 11697, 2, 854);
INSERT INTO public.film_job_person VALUES (1036, 11697, 2, 7303);
INSERT INTO public.film_job_person VALUES (1037, 11697, 2, 18391);
INSERT INTO public.film_job_person VALUES (1038, 11697, 2, 8254);
INSERT INTO public.film_job_person VALUES (1039, 11697, 2, 14966);
INSERT INTO public.film_job_person VALUES (1040, 11697, 2, 176543);
INSERT INTO public.film_job_person VALUES (1041, 11697, 2, 8516);
INSERT INTO public.film_job_person VALUES (1042, 11697, 2, 7520);
INSERT INTO public.film_job_person VALUES (1043, 11697, 1, 8500);
INSERT INTO public.film_job_person VALUES (1044, 11975, 2, 1892);
INSERT INTO public.film_job_person VALUES (1045, 11975, 2, 6194);
INSERT INTO public.film_job_person VALUES (1046, 11975, 2, 518);
INSERT INTO public.film_job_person VALUES (1047, 11975, 2, 10127);
INSERT INTO public.film_job_person VALUES (1048, 11975, 2, 5960);
INSERT INTO public.film_job_person VALUES (1049, 11975, 2, 923);
INSERT INTO public.film_job_person VALUES (1050, 11975, 2, 2295);
INSERT INTO public.film_job_person VALUES (1051, 11975, 2, 2047);
INSERT INTO public.film_job_person VALUES (1052, 11975, 2, 12519);
INSERT INTO public.film_job_person VALUES (1053, 11975, 1, 1776);
INSERT INTO public.film_job_person VALUES (1054, 22, 2, 85);
INSERT INTO public.film_job_person VALUES (1055, 22, 2, 118);
INSERT INTO public.film_job_person VALUES (1056, 22, 2, 114);
INSERT INTO public.film_job_person VALUES (1057, 22, 2, 116);
INSERT INTO public.film_job_person VALUES (1058, 22, 2, 1709);
INSERT INTO public.film_job_person VALUES (1059, 22, 2, 378);
INSERT INTO public.film_job_person VALUES (1060, 22, 2, 1710);
INSERT INTO public.film_job_person VALUES (1061, 22, 2, 1711);
INSERT INTO public.film_job_person VALUES (1062, 22, 2, 1712);
INSERT INTO public.film_job_person VALUES (1063, 22, 1, 1704);
INSERT INTO public.film_job_person VALUES (1064, 238, 2, 3084);
INSERT INTO public.film_job_person VALUES (1065, 238, 2, 1158);
INSERT INTO public.film_job_person VALUES (1066, 238, 2, 3085);
INSERT INTO public.film_job_person VALUES (1067, 238, 2, 3087);
INSERT INTO public.film_job_person VALUES (1068, 238, 2, 3086);
INSERT INTO public.film_job_person VALUES (1069, 238, 2, 3092);
INSERT INTO public.film_job_person VALUES (1070, 238, 2, 3094);
INSERT INTO public.film_job_person VALUES (1071, 238, 2, 3095);
INSERT INTO public.film_job_person VALUES (1072, 238, 2, 3088);
INSERT INTO public.film_job_person VALUES (1073, 238, 1, 1776);
INSERT INTO public.film_job_person VALUES (1074, 240, 2, 1158);
INSERT INTO public.film_job_person VALUES (1075, 240, 2, 3087);
INSERT INTO public.film_job_person VALUES (1076, 240, 2, 3092);
INSERT INTO public.film_job_person VALUES (1077, 240, 2, 380);
INSERT INTO public.film_job_person VALUES (1078, 240, 2, 3096);
INSERT INTO public.film_job_person VALUES (1079, 240, 2, 3094);
INSERT INTO public.film_job_person VALUES (1080, 240, 2, 3171);
INSERT INTO public.film_job_person VALUES (1081, 240, 2, 3172);
INSERT INTO public.film_job_person VALUES (1082, 240, 2, 3173);
INSERT INTO public.film_job_person VALUES (1083, 240, 1, 1776);
INSERT INTO public.film_job_person VALUES (1084, 903, 2, 3636);
INSERT INTO public.film_job_person VALUES (1085, 903, 2, 12950);
INSERT INTO public.film_job_person VALUES (1086, 903, 2, 8962);
INSERT INTO public.film_job_person VALUES (1087, 903, 2, 13869);
INSERT INTO public.film_job_person VALUES (1088, 903, 2, 5048);
INSERT INTO public.film_job_person VALUES (1089, 903, 2, 2778);
INSERT INTO public.film_job_person VALUES (1090, 903, 2, 13871);
INSERT INTO public.film_job_person VALUES (1091, 903, 2, 13872);
INSERT INTO public.film_job_person VALUES (1092, 903, 2, 8260);
INSERT INTO public.film_job_person VALUES (1093, 903, 1, 13859);
INSERT INTO public.film_job_person VALUES (1094, 116149, 2, 17064);
INSERT INTO public.film_job_person VALUES (1095, 116149, 2, 19923);
INSERT INTO public.film_job_person VALUES (1096, 116149, 2, 39658);
INSERT INTO public.film_job_person VALUES (1097, 116149, 2, 1304661);
INSERT INTO public.film_job_person VALUES (1098, 116149, 2, 1304662);
INSERT INTO public.film_job_person VALUES (1099, 116149, 2, 477);
INSERT INTO public.film_job_person VALUES (1100, 116149, 2, 2227);
INSERT INTO public.film_job_person VALUES (1101, 116149, 2, 11356);
INSERT INTO public.film_job_person VALUES (1102, 116149, 2, 12982);
INSERT INTO public.film_job_person VALUES (1103, 116149, 1, 101666);
INSERT INTO public.film_job_person VALUES (1104, 687163, 2, 30614);
INSERT INTO public.film_job_person VALUES (1105, 687163, 2, 7152);
INSERT INTO public.film_job_person VALUES (1106, 687163, 2, 2096164);
INSERT INTO public.film_job_person VALUES (1107, 687163, 2, 2320708);
INSERT INTO public.film_job_person VALUES (1108, 687163, 2, 1454946);
INSERT INTO public.film_job_person VALUES (1109, 687163, 2, 2131);
INSERT INTO public.film_job_person VALUES (1110, 687163, 2, 3554544);
INSERT INTO public.film_job_person VALUES (1111, 687163, 2, 1749206);
INSERT INTO public.film_job_person VALUES (1112, 687163, 2, 3074054);
INSERT INTO public.film_job_person VALUES (1113, 687163, 1, 107446);
INSERT INTO public.film_job_person VALUES (1114, 687163, 1, 155267);
INSERT INTO public.film_job_person VALUES (1115, 1226863, 2, 73457);
INSERT INTO public.film_job_person VALUES (1116, 1226863, 2, 1397778);
INSERT INTO public.film_job_person VALUES (1117, 1226863, 2, 95101);
INSERT INTO public.film_job_person VALUES (1118, 1226863, 2, 70851);
INSERT INTO public.film_job_person VALUES (1119, 1226863, 2, 119589);
INSERT INTO public.film_job_person VALUES (1120, 1226863, 2, 227564);
INSERT INTO public.film_job_person VALUES (1121, 1226863, 2, 60073);
INSERT INTO public.film_job_person VALUES (1122, 1226863, 2, 298410);
INSERT INTO public.film_job_person VALUES (1123, 1226863, 2, 83271);
INSERT INTO public.film_job_person VALUES (1124, 1226863, 1, 113901);
INSERT INTO public.film_job_person VALUES (1125, 1226863, 1, 1719706);


--
-- TOC entry 5007 (class 0 OID 25953)
-- Dependencies: 229
-- Data for Name: film_movielist; Type: TABLE DATA; Schema: public; Owner: postgres
--



--
-- TOC entry 5000 (class 0 OID 25521)
-- Dependencies: 222
-- Data for Name: genres; Type: TABLE DATA; Schema: public; Owner: postgres
--

INSERT INTO public.genres VALUES (28, 'Action');
INSERT INTO public.genres VALUES (12, 'Adventure');
INSERT INTO public.genres VALUES (16, 'Animation');
INSERT INTO public.genres VALUES (35, 'Comedy');
INSERT INTO public.genres VALUES (80, 'Crime');
INSERT INTO public.genres VALUES (99, 'Documentary');
INSERT INTO public.genres VALUES (18, 'Drama');
INSERT INTO public.genres VALUES (10751, 'Family');
INSERT INTO public.genres VALUES (14, 'Fantasy');
INSERT INTO public.genres VALUES (36, 'History');
INSERT INTO public.genres VALUES (27, 'Horror');
INSERT INTO public.genres VALUES (10402, 'Music');
INSERT INTO public.genres VALUES (9648, 'Mystery');
INSERT INTO public.genres VALUES (10749, 'Romance');
INSERT INTO public.genres VALUES (878, 'Science Fiction');
INSERT INTO public.genres VALUES (10770, 'TV Movie');
INSERT INTO public.genres VALUES (53, 'Thriller');
INSERT INTO public.genres VALUES (10752, 'War');
INSERT INTO public.genres VALUES (37, 'Western');


--
-- TOC entry 5001 (class 0 OID 25623)
-- Dependencies: 223
-- Data for Name: job; Type: TABLE DATA; Schema: public; Owner: postgres
--

INSERT INTO public.job VALUES (1, 'Director');
INSERT INTO public.job VALUES (2, 'Actor');


--
-- TOC entry 5009 (class 0 OID 25961)
-- Dependencies: 231
-- Data for Name: log; Type: TABLE DATA; Schema: public; Owner: postgres
--

INSERT INTO public.log VALUES (1, '2021-02-26', true, 4, NULL, 137113, 1);
INSERT INTO public.log VALUES (2, '2022-09-14', true, NULL, NULL, 762504, 1);
INSERT INTO public.log VALUES (3, '2023-04-01', true, 2.5, NULL, 82690, 1);
INSERT INTO public.log VALUES (4, '2023-04-06', true, 2, NULL, 1949, 1);
INSERT INTO public.log VALUES (5, '2023-04-07', true, 1.5, NULL, 700391, 1);
INSERT INTO public.log VALUES (6, '2023-04-08', true, 3.5, NULL, 11202, 1);
INSERT INTO public.log VALUES (7, '2023-04-22', true, 3.5, NULL, 11971, 1);
INSERT INTO public.log VALUES (8, '2023-05-08', true, 3, NULL, 493922, 1);
INSERT INTO public.log VALUES (9, '2023-05-12', true, 4.5, NULL, 5503, 1);
INSERT INTO public.log VALUES (10, '2023-05-13', false, 3.5, NULL, 85, 1);
INSERT INTO public.log VALUES (11, '2023-05-20', false, 4.5, NULL, 11423, 1);
INSERT INTO public.log VALUES (12, '2023-05-27', false, NULL, NULL, 76341, 1);
INSERT INTO public.log VALUES (13, '2023-06-09', false, NULL, NULL, 11, 1);
INSERT INTO public.log VALUES (14, '2023-06-10', false, NULL, NULL, 1891, 1);
INSERT INTO public.log VALUES (15, '2023-06-11', true, 4.5, NULL, 315162, 1);
INSERT INTO public.log VALUES (16, '2023-06-20', false, NULL, NULL, 120, 1);
INSERT INTO public.log VALUES (17, '2023-06-26', true, 1.5, NULL, 1726, 1);
INSERT INTO public.log VALUES (18, '2023-07-01', true, 3, NULL, 13435, 1);
INSERT INTO public.log VALUES (19, '2023-07-07', true, 3.5, NULL, 109091, 1);
INSERT INTO public.log VALUES (20, '2023-07-08', true, 3.5, NULL, 7510, 1);
INSERT INTO public.log VALUES (21, '2023-07-28', true, 3.5, NULL, 583, 1);
INSERT INTO public.log VALUES (22, '2023-07-29', true, 3, NULL, 11072, 1);
INSERT INTO public.log VALUES (23, '2023-09-16', false, 3.5, NULL, 33644, 1);
INSERT INTO public.log VALUES (24, '2023-11-19', false, 4, NULL, 10539, 1);
INSERT INTO public.log VALUES (25, '2023-12-03', true, NULL, NULL, 753342, 1);
INSERT INTO public.log VALUES (26, '2023-12-22', true, 3.5, NULL, 12106, 1);
INSERT INTO public.log VALUES (27, '2023-12-23', true, 3.5, NULL, 64690, 1);
INSERT INTO public.log VALUES (28, '2024-01-01', true, NULL, NULL, 94329, 1);
INSERT INTO public.log VALUES (29, '2024-01-07', true, 4, NULL, 324857, 1);
INSERT INTO public.log VALUES (30, '2024-01-27', false, 4, NULL, 359940, 1);
INSERT INTO public.log VALUES (31, '2024-02-14', true, 4, NULL, 569094, 1);
INSERT INTO public.log VALUES (32, '2024-03-07', true, NULL, NULL, 693134, 1);
INSERT INTO public.log VALUES (33, '2024-03-09', false, 4.5, NULL, 98, 1);
INSERT INTO public.log VALUES (34, '2024-04-18', false, NULL, NULL, 1366, 1);
INSERT INTO public.log VALUES (35, '2024-05-18', true, 3, NULL, 49849, 1);
INSERT INTO public.log VALUES (36, '2024-07-06', false, 4, NULL, 1368, 1);
INSERT INTO public.log VALUES (37, '2024-08-03', true, NULL, NULL, 11199, 1);
INSERT INTO public.log VALUES (38, '2024-08-11', false, NULL, NULL, 17431, 1);
INSERT INTO public.log VALUES (39, '2024-08-17', true, NULL, NULL, 10440, 1);
INSERT INTO public.log VALUES (40, '2024-12-04', false, 4.5, NULL, 5503, 1);
INSERT INTO public.log VALUES (41, '2024-12-13', false, 2, NULL, 135397, 1);
INSERT INTO public.log VALUES (42, '2024-12-17', false, 4, NULL, 68718, 1);
INSERT INTO public.log VALUES (43, '2024-12-20', true, 3.5, NULL, 86838, 1);
INSERT INTO public.log VALUES (44, '2025-01-04', true, 4, NULL, 343611, 1);
INSERT INTO public.log VALUES (45, '2025-01-21', false, 3.5, NULL, 601, 1);
INSERT INTO public.log VALUES (46, '2025-02-03', true, 4, NULL, 399174, 1);
INSERT INTO public.log VALUES (47, '2025-02-04', true, 3.5, NULL, 2502, 1);
INSERT INTO public.log VALUES (48, '2025-02-05', true, 4, NULL, 2503, 1);
INSERT INTO public.log VALUES (49, '2025-02-06', false, 4.5, NULL, 2501, 1);
INSERT INTO public.log VALUES (50, '2025-02-09', true, 3.5, NULL, 391713, 1);
INSERT INTO public.log VALUES (51, '2025-02-11', true, 3.5, NULL, 1949, 1);
INSERT INTO public.log VALUES (52, '2025-02-12', true, 3.5, NULL, 522627, 1);
INSERT INTO public.log VALUES (53, '2025-02-14', true, 4, NULL, 11621, 1);
INSERT INTO public.log VALUES (54, '2025-02-21', true, 3, NULL, 109410, 1);
INSERT INTO public.log VALUES (55, '2025-02-23', true, 5, NULL, 81728, 1);
INSERT INTO public.log VALUES (56, '2025-03-01', true, 3.5, NULL, 14164, 1);
INSERT INTO public.log VALUES (57, '2025-03-10', false, 3, NULL, 9323, 1);
INSERT INTO public.log VALUES (58, '2025-03-23', false, 3.5, NULL, 920, 1);
INSERT INTO public.log VALUES (59, '2025-03-25', false, 4, NULL, 137113, 1);
INSERT INTO public.log VALUES (60, '2025-03-29', true, 2.5, NULL, 27579, 1);
INSERT INTO public.log VALUES (61, '2025-03-30', true, 4, NULL, 10191, 1);
INSERT INTO public.log VALUES (62, '2025-04-26', false, 4, NULL, 78, 1);
INSERT INTO public.log VALUES (63, '2025-05-03', true, 3.5, NULL, 209112, 1);
INSERT INTO public.log VALUES (64, '2025-06-25', false, 3, NULL, 330459, 1);
INSERT INTO public.log VALUES (65, '2025-06-27', false, 4, NULL, 11, 1);
INSERT INTO public.log VALUES (66, '2025-06-28', true, 4, NULL, 1359, 1);
INSERT INTO public.log VALUES (67, '2025-06-29', false, 4, NULL, 1891, 1);
INSERT INTO public.log VALUES (68, '2025-07-11', false, 5, NULL, 244786, 1);
INSERT INTO public.log VALUES (69, '2025-07-16', true, 3.5, NULL, 161, 1);
INSERT INTO public.log VALUES (70, '2025-07-17', false, 5, NULL, 81, 1);
INSERT INTO public.log VALUES (71, '2025-07-18', true, 4, NULL, 7345, 1);
INSERT INTO public.log VALUES (72, '2025-07-23', true, 4, NULL, 490132, 1);
INSERT INTO public.log VALUES (73, '2025-07-25', true, 4, NULL, 11878, 1);
INSERT INTO public.log VALUES (74, '2025-08-14', true, 3, NULL, 945961, 1);
INSERT INTO public.log VALUES (75, '2025-08-31', true, 3, NULL, 1061474, 1);
INSERT INTO public.log VALUES (76, '2025-09-20', true, 4, NULL, 278, 1);
INSERT INTO public.log VALUES (77, '2025-09-27', true, 4, NULL, 12429, 1);
INSERT INTO public.log VALUES (78, '2025-10-05', true, 3.5, NULL, 11472, 1);
INSERT INTO public.log VALUES (79, '2025-10-18', true, 3, NULL, 116745, 1);
INSERT INTO public.log VALUES (80, '2025-11-22', false, 4.5, NULL, 10386, 1);
INSERT INTO public.log VALUES (81, '2025-12-05', true, 3.5, NULL, 1376434, 1);
INSERT INTO public.log VALUES (82, '2025-12-06', true, 1.5, NULL, 27578, 1);
INSERT INTO public.log VALUES (83, '2025-12-09', true, 3, NULL, 586863, 1);
INSERT INTO public.log VALUES (84, '2025-12-19', true, 4, NULL, 146233, 1);
INSERT INTO public.log VALUES (85, '2025-12-21', true, 3, NULL, 270946, 1);
INSERT INTO public.log VALUES (86, '2025-12-22', true, 3, NULL, 333484, 1);
INSERT INTO public.log VALUES (87, '2025-12-23', true, 3.5, NULL, 187, 1);
INSERT INTO public.log VALUES (88, '2025-12-26', true, 4, NULL, 782, 1);
INSERT INTO public.log VALUES (89, '2025-12-30', true, 1, NULL, 1234821, 1);
INSERT INTO public.log VALUES (90, '2026-01-02', true, 3, NULL, 1214931, 1);
INSERT INTO public.log VALUES (91, '2026-01-05', true, 2.5, NULL, 296098, 1);
INSERT INTO public.log VALUES (92, '2026-01-05', false, 5, NULL, 7345, 1);
INSERT INTO public.log VALUES (93, '2026-01-06', true, 3.5, NULL, 1242898, 1);
INSERT INTO public.log VALUES (94, '2026-01-10', true, 3.5, NULL, 9377, 1);
INSERT INTO public.log VALUES (95, '2026-01-14', false, 3.5, NULL, 438631, 1);
INSERT INTO public.log VALUES (96, '2026-01-15', false, 3.5, NULL, 693134, 1);
INSERT INTO public.log VALUES (97, '2026-01-15', true, 3.5, NULL, 813, 1);
INSERT INTO public.log VALUES (98, '2026-01-16', true, 3, NULL, 205596, 1);
INSERT INTO public.log VALUES (99, '2026-01-25', true, 3, NULL, 1233413, 1);
INSERT INTO public.log VALUES (100, '2026-01-27', false, 3.5, NULL, 273481, 1);
INSERT INTO public.log VALUES (101, '2026-01-29', true, 2, NULL, 400535, 1);
INSERT INTO public.log VALUES (102, '2026-01-30', true, 4, NULL, 8963, 1);
INSERT INTO public.log VALUES (103, '2026-02-02', true, 2.5, NULL, 558449, 1);
INSERT INTO public.log VALUES (104, '2026-02-04', true, 2.5, NULL, 324552, 1);
INSERT INTO public.log VALUES (105, '2026-02-05', true, 4, NULL, 718789, 1);
INSERT INTO public.log VALUES (106, '2026-02-06', false, 4.5, NULL, 329865, 1);
INSERT INTO public.log VALUES (107, '2026-02-08', true, 3.5, NULL, 18886, 1);
INSERT INTO public.log VALUES (108, '2026-02-14', true, 2, NULL, 2048, 1);
INSERT INTO public.log VALUES (109, '2026-02-16', true, 1.5, NULL, 68726, 1);
INSERT INTO public.log VALUES (110, '2026-02-18', true, 2.5, NULL, 397567, 1);
INSERT INTO public.log VALUES (111, '2026-03-14', true, 4, NULL, 11697, 1);
INSERT INTO public.log VALUES (112, '2026-03-20', true, 3.5, NULL, 11975, 1);
INSERT INTO public.log VALUES (113, '2026-03-22', false, 4.5, NULL, 22, 1);
INSERT INTO public.log VALUES (114, '2026-04-03', false, 4, NULL, 238, 1);
INSERT INTO public.log VALUES (115, '2026-04-04', false, 4, NULL, 240, 1);
INSERT INTO public.log VALUES (116, '2026-04-17', true, 4, NULL, 903, 1);
INSERT INTO public.log VALUES (117, '2026-04-26', false, 5, NULL, 315162, 1);
INSERT INTO public.log VALUES (118, '2026-04-30', true, 3.5, NULL, 116149, 1);
INSERT INTO public.log VALUES (119, '2026-04-03', false, 4, '', 238, 1);


--
-- TOC entry 5011 (class 0 OID 25972)
-- Dependencies: 233
-- Data for Name: movie_list; Type: TABLE DATA; Schema: public; Owner: postgres
--



--
-- TOC entry 5014 (class 0 OID 26055)
-- Dependencies: 236
-- Data for Name: password_reset; Type: TABLE DATA; Schema: public; Owner: postgres
--

INSERT INTO public.password_reset VALUES (1, '970795', '2026-05-19 09:39:24.045402', true, 1);
INSERT INTO public.password_reset VALUES (2, '226667', '2026-05-19 09:45:52.227254', true, 1);


--
-- TOC entry 5012 (class 0 OID 25980)
-- Dependencies: 234
-- Data for Name: person; Type: TABLE DATA; Schema: public; Owner: postgres
--

INSERT INTO public.person VALUES (500, 'Tom Cruise', '/maf8PhSvDCdEwjEMbYfGpojR5RP.jpg');
INSERT INTO public.person VALUES (5081, 'Emily Blunt', '/5nCSG5TL1bP1geD8aaBfaLnLLCD.jpg');
INSERT INTO public.person VALUES (2039, 'Brendan Gleeson', '/ctPPJu5ZYDZr1IPmzoNpezczrm0.jpg');
INSERT INTO public.person VALUES (2053, 'Bill Paxton', '/aLdNe6mt1cSi2zWlUYRregzfis5.jpg');
INSERT INTO public.person VALUES (119224, 'Jonas Armstrong', '/7Ia8Dfhqa2bH43NeKSZiPZ9wHAF.jpg');
INSERT INTO public.person VALUES (147255, 'Tony Way', '/u48ePSGsP1ww2VmPgNXgog3IM83.jpg');
INSERT INTO public.person VALUES (93111, 'Kick Gurry', '/veu7npyAf2hhkKb1KR9SsducGoq.jpg');
INSERT INTO public.person VALUES (1363086, 'Franz Drameh', '/xSEv3SN8CSn0bozoOnPd77kEOiD.jpg');
INSERT INTO public.person VALUES (125740, 'Dragomir Mrsic', '/wREVLKdcNQpkTD9EOgukp2hmZLL.jpg');
INSERT INTO public.person VALUES (11694, 'Doug Liman', '/5pPcmwI7GMZ45CyrYLJ3n0IXm6e.jpg');
INSERT INTO public.person VALUES (206919, 'Daniel Kaluuya', '/jj2kZqJobjom36wlhlYhc38nTwN.jpg');
INSERT INTO public.person VALUES (74688, 'Keke Palmer', '/fXiKInUmPLs5F53yv2KZSuCXHJZ.jpg');
INSERT INTO public.person VALUES (1602972, 'Brandon Perea', '/hEzljVgsho0Uwd8tg7AGB5Uy3Lr.jpg');
INSERT INTO public.person VALUES (7486, 'Michael Wincott', '/z6FtWACKaIivi0khxM6vEHoUH0.jpg');
INSERT INTO public.person VALUES (215055, 'Steven Yeun', '/fOMFO2Xx4duzpNgS9Q5ytO44yGb.jpg');
INSERT INTO public.person VALUES (205772, 'Wrenn Schmidt', '/rzc5mgrdMKuxziEk4BvRGvJweAV.jpg');
INSERT INTO public.person VALUES (65827, 'Keith David', '/1x0QXavmIy3QmhyrOsV7gMnJaEx.jpg');
INSERT INTO public.person VALUES (111518, 'Devon Graye', '/kVqBgzkjWNaNFmXSJ7MLI3jOMOT.jpg');
INSERT INTO public.person VALUES (236696, 'Terry Notary', '/gcn5cL4TGmtiYcjFCl29GsclDVl.jpg');
INSERT INTO public.person VALUES (291263, 'Jordan Peele', '/kFUKn5g3ebpyZ3CSZZZo2HFWRNQ.jpg');
INSERT INTO public.person VALUES (4764, 'John C. Reilly', '/iDQ8w4qcxU3le5ZWoCKpHs1QNok.jpg');
INSERT INTO public.person VALUES (7404, 'Sarah Silverman', '/g5G711XyVokJm2RoItpkaHa8mkQ.jpg');
INSERT INTO public.person VALUES (58737, 'Jack McBrayer', '/cbr26xDPEiOuYQxggtCPbu5xhDU.jpg');
INSERT INTO public.person VALUES (43775, 'Jane Lynch', '/nye6D17ZfCHQzr9faYZYyz1CPsZ.jpg');
INSERT INTO public.person VALUES (21088, 'Alan Tudyk', '/jUuUbPuMGonFT5E2pcs4alfqaCN.jpg');
INSERT INTO public.person VALUES (165787, 'Rich Moore', '/oIAmkZf9LuJuMqR8zSchoD3FJT8.jpg');
INSERT INTO public.person VALUES (1223658, 'Raymond S. Persi', '/37HnYfTAHhtAmWdl4NlVAOR7vCW.jpg');
INSERT INTO public.person VALUES (125167, 'Mindy Kaling', '/m4veWEp9TEDallTZRobb7MLkd9K.jpg');
INSERT INTO public.person VALUES (95002, 'Jamie Elman', '/4Hk6F52hG8cHpHXn8dGctCEU80i.jpg');
INSERT INTO public.person VALUES (131, 'Jake Gyllenhaal', '/rJdYHYNhlcOBwbPvDZVvt1xw7bi.jpg');
INSERT INTO public.person VALUES (103, 'Mark Ruffalo', '/5GilHMOt5PAQh6rlUKZzGmaKEI7.jpg');
INSERT INTO public.person VALUES (11085, 'Anthony Edwards', '/rP88gP87pa3je6Viem3081tESIV.jpg');
INSERT INTO public.person VALUES (3223, 'Robert Downey Jr.', '/5qHNjhtjMD4YWH3UP0rm4tKwxCL.jpg');
INSERT INTO public.person VALUES (2838, 'Chloë Sevigny', '/eM7KGAMCmZCzYDFV8gaSfknN675.jpg');
INSERT INTO public.person VALUES (13550, 'Elias Koteas', '/luevjlGy0tYQbAbcz0mVxCYqegH.jpg');
INSERT INTO public.person VALUES (3911, 'John Carroll Lynch', '/lXlHxLK91U2l3yb77Tw32yEHJyT.jpg');
INSERT INTO public.person VALUES (1248, 'Brian Cox', '/scSjbFCTRngXlkJRoKptM5kQGw7.jpg');
INSERT INTO public.person VALUES (20212, 'Dermot Mulroney', '/kkrMKD6b4vEdphVgKsenRY4NgiC.jpg');
INSERT INTO public.person VALUES (7467, 'David Fincher', '/tpEczFclQZeKAiCeKZZ0adRvtfz.jpg');
INSERT INTO public.person VALUES (1023139, 'Adam Driver', '/me7eifBie8S7gFwhZfkF3jROL99.jpg');
INSERT INTO public.person VALUES (1767250, 'Ariana Greenblatt', '/lp7lzzBE7EYTMvSb4foN5LyZUkP.jpg');
INSERT INTO public.person VALUES (1696016, 'Chloe Coleman', '/rTbVFZMvUViFCIa5AXlBX3P6vfR.jpg');
INSERT INTO public.person VALUES (98415, 'Nika King', '/fB3Z5aQoD3IqahalFS1v5oP2tvA.jpg');
INSERT INTO public.person VALUES (1450385, 'Brian Dare', '/jANlbcChBYC5A7CwZgtjrs2iYXe.jpg');
INSERT INTO public.person VALUES (1317685, 'Scott Beck', '/3x08LTI7LnZjfEPbRDlXjBRa36Q.jpg');
INSERT INTO public.person VALUES (1317686, 'Bryan Woods', '/4rPYnBaMTv5P0L1HoxOIuQoqliR.jpg');
INSERT INTO public.person VALUES (862, 'George C. Scott', '/iZON8v2ExgNzY943W0UDWXeRZrz.jpg');
INSERT INTO public.person VALUES (9857, 'Karl Malden', '/njDua2jZ1X1f5SYLzpxDt0hIhYu.jpg');
INSERT INTO public.person VALUES (40551, 'Stephen Young', '/dadiTDVr9Ou9AUf7HHZQN6dm1KI.jpg');
INSERT INTO public.person VALUES (15650, 'Michael Strong', '/a4KsknSh0kFoCWmdbnLlaMiQi0E.jpg');
INSERT INTO public.person VALUES (12431, 'Carey Loftin', '/wpQnSduMm2iCtVrNT9kHo8c8aMH.jpg');
INSERT INTO public.person VALUES (1089965, 'Albert Dumortier', NULL);
INSERT INTO public.person VALUES (13733, 'Frank Latimore', '/4yKBJYFW9hXhNZE3qxlKkJzCDtF.jpg');
INSERT INTO public.person VALUES (58495, 'Morgan Paull', '/y8hQzCz4WEqgD8biDdoBVw8zmNp.jpg');
INSERT INTO public.person VALUES (32021, 'Karl Michael Vogler', '/seFdZD4AQeet1EXPip2q5qESgnT.jpg');
INSERT INTO public.person VALUES (13265, 'Franklin J. Schaffner', '/m04NRi0fxmE3xBZMwnIkpkjItBe.jpg');
INSERT INTO public.person VALUES (7056, 'Emma Thompson', '/zQ0hWHh3tzaOOziPbABQI8s9WCu.jpg');
INSERT INTO public.person VALUES (11181, 'Kenneth Branagh', '/AbCqqFxNi5w3nDUFdQt0DGMFh5H.jpg');
INSERT INTO public.person VALUES (3967, 'Kate Beckinsale', '/nUZuC2chd5PVw2tLxePZ6uaLbhx.jpg');
INSERT INTO public.person VALUES (5292, 'Denzel Washington', '/jj2Gcobpopokal0YstuCQW0ldJ4.jpg');
INSERT INTO public.person VALUES (2232, 'Michael Keaton', '/tYSja1KByFnZ4Hkp3stPqkKHnNL.jpg');
INSERT INTO public.person VALUES (6384, 'Keanu Reeves', '/kEoUZKEG7dzbCESDjd0CKAN1r0n.jpg');
INSERT INTO public.person VALUES (2692, 'Robert Sean Leonard', '/jXehZM0AWLJ2OIz4o0jFtHEzcMI.jpg');
INSERT INTO public.person VALUES (29859, 'Richard Briers', '/gNsEDp8K7dRYVxYeHNgelOiOO97.jpg');
INSERT INTO public.person VALUES (11356, 'Imelda Staunton', '/96LYLMnUOWZ4DFXEeQPItNsxzEP.jpg');
INSERT INTO public.person VALUES (3051, 'Toni Collette', '/lzXRh16qe4HHeBN6tMyw0DHvaMn.jpg');
INSERT INTO public.person VALUES (934281, 'Alex Wolff', '/7PMu5zFOEH7PqFDzrKThgKD4Ndf.jpg');
INSERT INTO public.person VALUES (5168, 'Gabriel Byrne', '/9r9oDGENg92VYYFMkV4C09IUlrb.jpg');
INSERT INTO public.person VALUES (1945702, 'Milly Shapiro', '/5QVwZttyqVDl0M3AKwe0SDU8S5R.jpg');
INSERT INTO public.person VALUES (43366, 'Ann Dowd', '/zo44U71uiMNVW1HSiOa5F9MpqIq.jpg');
INSERT INTO public.person VALUES (1969994, 'Mallory Bechtel', '/knFuxxTKvZOTZaqy7M3V8ZWndY5.jpg');
INSERT INTO public.person VALUES (1969995, 'Brock McKinney', '/m9OQFajkGavQwhNG7wD1Wxl0aPC.jpg');
INSERT INTO public.person VALUES (2064805, 'Jake Brown', '/p3kIlJNenOJ0nUSQKd8vRXpSvzh.jpg');
INSERT INTO public.person VALUES (1853997, 'Morgan Lund', '/80p9IRMll98CxH8w1gpPwieFV83.jpg');
INSERT INTO public.person VALUES (1145520, 'Ari Aster', '/45lOHyHwdMgyKm6u3jwLtyfwOjc.jpg');
INSERT INTO public.person VALUES (3, 'Harrison Ford', '/pjBMJVPpcZK23Vt1nzr1zEBTWrP.jpg');
INSERT INTO public.person VALUES (2176, 'Tommy Lee Jones', '/mCiZNRAzbnPojJEZwVZWLw9kzxR.jpg');
INSERT INTO public.person VALUES (532, 'Joe Pantoliano', '/3OHUI3nX4SYGGItDk3xqeIvWtIf.jpg');
INSERT INTO public.person VALUES (1924, 'Jeroen Krabbé', '/r26lZKUeLIaUt8DMotm4mdc4EaY.jpg');
INSERT INTO public.person VALUES (43774, 'Daniel Roebuck', '/y40aX3SdvUZwE7feNq77UMg3zge.jpg');
INSERT INTO public.person VALUES (29051, 'L. Scott Caldwell', '/kLUA6zFeJv7tcaGK3cA86muD7C7.jpg');
INSERT INTO public.person VALUES (43772, 'Tom Wood', '/9JPNZhw7ECln6jErewnvHOWR7dH.jpg');
INSERT INTO public.person VALUES (57597, 'Ron Dean', '/mgqdr4VFrTVZatkki2suNLYxeDG.jpg');
INSERT INTO public.person VALUES (86576, 'Joseph F. Kosala', '/a6ioHr863U5wNiRCGimEyHOs4tg.jpg');
INSERT INTO public.person VALUES (12989, 'Andrew Davis', '/iHtwEZeu1X1l48WVMeNkN5vFo19.jpg');
INSERT INTO public.person VALUES (650, 'Karen Allen', '/eJszpndpRzrXbSlz7RUlApoTykn.jpg');
INSERT INTO public.person VALUES (652, 'Paul Freeman', '/qrjgLfuNdXektuBwNL6onZBkbHw.jpg');
INSERT INTO public.person VALUES (655, 'John Rhys-Davies', '/qpXl1YnqQsUKYEDm3BB2zK5wbhe.jpg');
INSERT INTO public.person VALUES (653, 'Ronald Lacey', '/wrFU5EkxKIq0TpEBuKXzcRAld73.jpg');
INSERT INTO public.person VALUES (659, 'Wolf Kahler', '/znWaz8pJjV6iIPj4SuWNPt0PVn1.jpg');
INSERT INTO public.person VALUES (660, 'Anthony Higgins', '/97ldqHkMzAyGCZZGozJA7RGMpDN.jpg');
INSERT INTO public.person VALUES (656, 'Denholm Elliott', '/qqgkT4QMMUbiFztfcUVLPYRXAxD.jpg');
INSERT INTO public.person VALUES (658, 'Alfred Molina', '/nJo91Czesn6z0d0pkfbDoVZY3sg.jpg');
INSERT INTO public.person VALUES (488, 'Steven Spielberg', '/tZxcg19YQ3e8fJ0pOs7hjlnmmr6.jpg');
INSERT INTO public.person VALUES (20738, 'Song Kang-ho', '/kBM9UTPYXUA2RNk210DXhztLFns.jpg');
INSERT INTO public.person VALUES (69378, 'Kim Sang-kyung', '/5VKIhf0ZVxqtrZfyMPbubZz3INr.jpg');
INSERT INTO public.person VALUES (69379, 'Kim Roi-ha', '/bGHnBUrBKk2ItXDZJrBDnBeQJvj.jpg');
INSERT INTO public.person VALUES (1080904, 'Song Jae-ho', '/gLKek8JICZXq4YdJpOd3jECaLCA.jpg');
INSERT INTO public.person VALUES (116180, 'Byun Hee-bong', '/fV8BtRziGqUsBozd1G6lEwmW2b5.jpg');
INSERT INTO public.person VALUES (1299348, 'Go Seo-hee', '/nJSugSQsuPirOBgXoZPUDNaaiHW.jpg');
INSERT INTO public.person VALUES (1136064, 'Ryu Tae-ho', '/3vnSlWZNQJXXS0UMW5LC95lslhh.jpg');
INSERT INTO public.person VALUES (1075838, 'Park No-shik', '/jhL9musRKIvR37F8WHWZlutOWIe.jpg');
INSERT INTO public.person VALUES (21687, 'Park Hae-il', '/8ltdBxd40m2iAnsRKV0JMbv7rZT.jpg');
INSERT INTO public.person VALUES (21684, 'Bong Joon Ho', '/stwnTvZAoD8gEJEDHpDQyLCyDy5.jpg');
INSERT INTO public.person VALUES (2524, 'Tom Hardy', '/d81K0RH8UX7tZj49tZaQhZ9ewH.jpg');
INSERT INTO public.person VALUES (6885, 'Charlize Theron', '/gd7ShD0yt4bsR2STeQ19KQ6hvXL.jpg');
INSERT INTO public.person VALUES (3292, 'Nicholas Hoult', '/qjdDsrJCx9wgrXDTc7TwZiPn9OC.jpg');
INSERT INTO public.person VALUES (26060, 'Hugh Keays-Byrne', '/7XSPjKNwmyEPMnmoVSQ42ykMz6M.jpg');
INSERT INTO public.person VALUES (1056053, 'Josh Helman', '/1thwLjrgvFv7ifjyVtTKQh23OCh.jpg');
INSERT INTO public.person VALUES (24898, 'Nathan Jones', '/hlu4qYy9JGPxGn0wT8Ea6mTWR8R.jpg');
INSERT INTO public.person VALUES (37153, 'Zoë Kravitz', '/hJKmhbuzDjmfw2nPBDWGbLagj16.jpg');
INSERT INTO public.person VALUES (236048, 'Rosie Huntington-Whiteley', '/oq5iX2VoLGF41P5DmNDNJcczESR.jpg');
INSERT INTO public.person VALUES (98522, 'Riley Keough', '/du1FYr5dTQL6gCMX6ISnQBOxz2F.jpg');
INSERT INTO public.person VALUES (20629, 'George Miller', '/35NQ8HjFXQlGYDz9UkhT08lKl5C.jpg');
INSERT INTO public.person VALUES (2, 'Mark Hamill', '/zMQ93JTLW8KxusKhOlHFZhih3YQ.jpg');
INSERT INTO public.person VALUES (4, 'Carrie Fisher', '/of4yHmryKPy92eeskUQ7MRmjC3l.jpg');
INSERT INTO public.person VALUES (5, 'Peter Cushing', '/if5g03wn6uvHx7F6FxXHLebKc0q.jpg');
INSERT INTO public.person VALUES (12248, 'Alec Guinness', '/q9QgiNDEO6lbi7uMAOw0OgWn8DG.jpg');
INSERT INTO public.person VALUES (6, 'Anthony Daniels', '/7kR4kwXtvXtvrsxWeX3QLX5NS5V.jpg');
INSERT INTO public.person VALUES (130, 'Kenny Baker', '/kWwso57V7fr0jWnHfknlxxq7XXy.jpg');
INSERT INTO public.person VALUES (24343, 'Peter Mayhew', '/rKIBv08O63pyC6PixjyhrjNB8Uh.jpg');
INSERT INTO public.person VALUES (24342, 'David Prowse', '/nPFKENjKHuklJ8i54mZroNAgKaI.jpg');
INSERT INTO public.person VALUES (1, 'George Lucas', '/mDLDvsx8PaZoEThkBdyaG1JxPdf.jpg');
INSERT INTO public.person VALUES (3799, 'Billy Dee Williams', '/4UbNki9xpWtVACNNGsMhVjQxVwg.jpg');
INSERT INTO public.person VALUES (7908, 'Frank Oz', '/mb2JbT8s6LIgaxj6QTph0NW1pmI.jpg');
INSERT INTO public.person VALUES (10930, 'Irvin Kershner', '/imtFUtcASoh2e1Emtt62UuFkIWA.jpg');
INSERT INTO public.person VALUES (3131, 'Antonio Banderas', '/fce7zl6elUzsv7wudHFc7RgFtjD.jpg');
INSERT INTO public.person VALUES (3136, 'Salma Hayek Pinault', '/1qfYF7NGRObmeKR7IVXUFVIC0CN.jpg');
INSERT INTO public.person VALUES (210172, 'Harvey Guillén', '/yiNBonobPwqMVweB02JWufzp2l9.jpg');
INSERT INTO public.person VALUES (52583, 'Wagner Moura', '/53IbAed4t1dOWxY3iygbRYZBBnm.jpg');
INSERT INTO public.person VALUES (1373737, 'Florence Pugh', '/wcDXv5Oc8w01QfxJMla96xIDROT.jpg');
INSERT INTO public.person VALUES (39187, 'Olivia Colman', '/4kceB4JYBcFTdzVhfq3cDnExcGa.jpg');
INSERT INTO public.person VALUES (5538, 'Ray Winstone', '/eSRgAC98u5hQroeZzDeRf60XE21.jpg');
INSERT INTO public.person VALUES (1346535, 'Samson Kayo', '/jyGT8cgl6MEANOpRKoHgXaC1yp6.jpg');
INSERT INTO public.person VALUES (933558, 'John Mulaney', '/i3dGv3WoIONVLSlOpW4NIaT8Fs2.jpg');
INSERT INTO public.person VALUES (1450348, 'Joel Crawford', '/3F60mZB4sGgB51jAIglwn6OrUgB.jpg');
INSERT INTO public.person VALUES (109, 'Elijah Wood', '/ayARmqAe9Aab1zg6FjJG0u9MEBo.jpg');
INSERT INTO public.person VALUES (1327, 'Ian McKellen', '/coWjgMEYJjk2OrNddlXCBm8EIr3.jpg');
INSERT INTO public.person VALUES (110, 'Viggo Mortensen', '/vH5gVSpHAMhDaFWfh0Q7BG61O1y.jpg');
INSERT INTO public.person VALUES (1328, 'Sean Astin', '/As3ctGUtBYmG4zj4Ifyrcqd71HP.jpg');
INSERT INTO public.person VALUES (65, 'Ian Holm', '/cOJDgvgj4nMec6Inzj1H5nugTO5.jpg');
INSERT INTO public.person VALUES (882, 'Liv Tyler', '/aYlqS4wYuNCiN9wmvDwKRAE9BQ9.jpg');
INSERT INTO public.person VALUES (113, 'Christopher Lee', '/dA26fBr3t7mKqjn3OYW6kbD1LXM.jpg');
INSERT INTO public.person VALUES (48, 'Sean Bean', '/kTjiABk3TJ3yI0Cto5RsvyT6V3o.jpg');
INSERT INTO public.person VALUES (1329, 'Billy Boyd', '/jluumxuDr7rm2f97NFf9LydBdaZ.jpg');
INSERT INTO public.person VALUES (108, 'Peter Jackson', '/bNc908d59Ba8VDNr4eCcm4G1cR.jpg');
INSERT INTO public.person VALUES (18288, 'Terrence Howard', '/wXWt2NSY23v7DHe2yZQ1C8TikBp.jpg');
INSERT INTO public.person VALUES (1229, 'Jeff Bridges', '/xms1RAY6q7Lzp7wNeRCB0kzhucn.jpg');
INSERT INTO public.person VALUES (12052, 'Gwyneth Paltrow', '/ylN4A7fnnNXvHURENl5sQI8Jbib.jpg');
INSERT INTO public.person VALUES (57451, 'Leslie Bibb', '/g3a1O9lOTZvrwQupUtg4Fc3CdTd.jpg');
INSERT INTO public.person VALUES (17857, 'Shaun Toub', '/6fuJ9D50bYuMAhrlEgVqzgqF0LU.jpg');
INSERT INTO public.person VALUES (57452, 'Faran Tahir', '/dMsD7h6KiZ5dM0f9MegXUOKnqb0.jpg');
INSERT INTO public.person VALUES (9048, 'Clark Gregg', '/mq686D91XoZpqkzELn0888NOiZW.jpg');
INSERT INTO public.person VALUES (17200, 'Bill Smitrovich', '/dtLvDK5Z4PHzRj8ngtGake8YDsU.jpg');
INSERT INTO public.person VALUES (15277, 'Jon Favreau', '/tnx7iMVydPQXGOoLsxXl84PXtbA.jpg');
INSERT INTO public.person VALUES (15543, 'Derek Luke', '/sJR0LET3ppMwyqIMdV0B0LL9ObB.jpg');
INSERT INTO public.person VALUES (77078, 'Malcolm David Kelley', '/8RZ00Ei4u37zXlusUgvlQoR3xvF.jpg');
INSERT INTO public.person VALUES (77079, 'Cory Hodges', '/bn2uluX2slrjnVvOcNa7JSmh8wh.jpg');
INSERT INTO public.person VALUES (19492, 'Viola Davis', '/xDssw6vpYNRjsybvMPRE30e0dPN.jpg');
INSERT INTO public.person VALUES (52847, 'Joy Bryant', '/baTPZOyEztjp9MdcfpiiKg48QpM.jpg');
INSERT INTO public.person VALUES (53918, 'Salli Richardson-Whitfield', '/wMQaIzY5kyRQd8UwF1lphKK6oQm.jpg');
INSERT INTO public.person VALUES (59847, 'Leonard Earl Howze', '/cvfTYHb8qKD97JmBEei0aklRmlb.jpg');
INSERT INTO public.person VALUES (2347977, 'Kente Scott', NULL);
INSERT INTO public.person VALUES (17288, 'Michael Fassbender', '/xvbnUiB2ZBR3QIt595OzNy657Vw.jpg');
INSERT INTO public.person VALUES (955, 'Penélope Cruz', '/mSUUioSTuECMiyRR1DabK6leTdg.jpg');
INSERT INTO public.person VALUES (6941, 'Cameron Diaz', '/d4f4cQ9EiYuvNMjT1IB2h06KoRx.jpg');
INSERT INTO public.person VALUES (3810, 'Javier Bardem', '/dKArLTzGUBqRwV6MI3Atc1xN9bc.jpg');
INSERT INTO public.person VALUES (287, 'Brad Pitt', '/9OfnD7lxgIj3BNQpJFnwxnwl6w5.jpg');
INSERT INTO public.person VALUES (2310, 'Bruno Ganz', '/8bhS1PObqe8OOVcyIRxV5Rcdufd.jpg');
INSERT INTO public.person VALUES (4810, 'Rosie Perez', '/g6iJNyIhVDY5NxZU1jbKMjPnNYf.jpg');
INSERT INTO public.person VALUES (55585, 'Sam Spruell', '/mV62no6D4yYtYS4A6dkHCGPTugZ.jpg');
INSERT INTO public.person VALUES (20286, 'Toby Kebbell', '/mlYytYJvoEHmhDH2enLtES1098Q.jpg');
INSERT INTO public.person VALUES (578, 'Ridley Scott', '/97SO7H0UlS3racqjeW5JTy8c6GM.jpg');
INSERT INTO public.person VALUES (33528, 'Joseph Cross', '/gQoRzWwHTTI614l0DETXeeVf4kD.jpg');
INSERT INTO public.person VALUES (516, 'Annette Bening', '/kGslMAWcpv8MKzODhDRDkFE0uX7.jpg');
INSERT INTO public.person VALUES (12763, 'Joseph Fiennes', '/fcqZXeEyL6z5vkidPtsMu99JtpB.jpg');
INSERT INTO public.person VALUES (38940, 'Evan Rachel Wood', '/ksXTb2bvqt60bCGRwBlWrNbZHnr.jpg');
INSERT INTO public.person VALUES (7447, 'Alec Baldwin', '/hzKy7x574eeUS3wt1R3yvWBRpeR.jpg');
INSERT INTO public.person VALUES (20362, 'Jill Clayburgh', '/ruTMoRcRwdAdTHXl78SQX1tpeHA.jpg');
INSERT INTO public.person VALUES (17773, 'Gabrielle Union', '/toeSCybsYufRKfgz77AKy4C8axD.jpg');
INSERT INTO public.person VALUES (52779, 'Ryan Murphy', '/uPojf0hEIpud1huRC9NY7R55OSy.jpg');
INSERT INTO public.person VALUES (10722, 'Graham Chapman', '/qmTXDGNxuuwQ4IGNHwxmCdjuTGk.jpg');
INSERT INTO public.person VALUES (8930, 'John Cleese', '/nQpBf77cStmR35V0XOinm2zZMWG.jpg');
INSERT INTO public.person VALUES (280, 'Terry Gilliam', '/7qBkaXxANmnb6hqQCBc4iWqXEL6.jpg');
INSERT INTO public.person VALUES (10713, 'Eric Idle', '/1Vj7Lvrl8OHby7AeOK1Z07JyeMp.jpg');
INSERT INTO public.person VALUES (10707, 'Terry Jones', '/keJpqxK8gykrrK2W6yeSeDUbYDK.jpg');
INSERT INTO public.person VALUES (383, 'Michael Palin', '/7qCp6M2NxMWpUmO2t6IqHGNlBjz.jpg');
INSERT INTO public.person VALUES (10732, 'Terence Bayler', '/ui0sfTzTnum4IkFVrLdpOsUbJDL.jpg');
INSERT INTO public.person VALUES (10733, 'Carol Cleveland', '/woaXQdK0DZpWSxvRBCpmWZn7ZAn.jpg');
INSERT INTO public.person VALUES (10734, 'Kenneth Colley', '/5eH380TIBWnjyCDCq3o7DUeZOsX.jpg');
INSERT INTO public.person VALUES (68091, 'Cleavon Little', '/z7zbiyLGMPocD2fvD9zMSoBSJVi.jpg');
INSERT INTO public.person VALUES (3460, 'Gene Wilder', '/mwwOSWS2m8ArpiUKnoxVVyT8fND.jpg');
INSERT INTO public.person VALUES (14253, 'Slim Pickens', '/8UwvsZe0frSzCoyC8KGSfjAaZBf.jpg');
INSERT INTO public.person VALUES (13640, 'Harvey Korman', '/cE5X1OAa6iDOo3JKj9uM8kHwQQI.jpg');
INSERT INTO public.person VALUES (29803, 'Madeline Kahn', '/5jbkrxx0uaymKDnv5EImUXxWQyN.jpg');
INSERT INTO public.person VALUES (14639, 'Mel Brooks', '/c21qNcMJlHnRolfhQhZOVacjtwI.jpg');
INSERT INTO public.person VALUES (133952, 'Burton Gilliam', '/ac02zgqz8Mz393CacSTI3wBXOjt.jpg');
INSERT INTO public.person VALUES (73234, 'Alex Karras', '/hLnBrpfcRIi4wXazuVsmiMPNdfS.jpg');
INSERT INTO public.person VALUES (1232, 'David Huddleston', '/g4FEQ1cRhrwjdd1boWDSLkrWK1g.jpg');
INSERT INTO public.person VALUES (9780, 'Angela Bassett', '/tKnuviliyeKNGlo26IU5gIrJAtd.jpg');
INSERT INTO public.person VALUES (17637, 'Taye Diggs', '/1GVbezrPYdbmo7fJGtishxWf0aP.jpg');
INSERT INTO public.person VALUES (2395, 'Whoopi Goldberg', '/78LZMMzNUJVfLI1MObxejScwZz5.jpg');
INSERT INTO public.person VALUES (9788, 'Regina King', '/tqgHkoh2g8NfFPquJuEs3kvAAgF.jpg');
INSERT INTO public.person VALUES (80622, 'Suzzanne Douglas', '/ldfCErLjjST3HBZSK8G4KBMDZhR.jpg');
INSERT INTO public.person VALUES (59018, 'Michael J. Pagan', '/1s5cROK5a0zGhUDxCoXd8B5vbug.jpg');
INSERT INTO public.person VALUES (1433986, 'Sicily Johnson', '/zU87PLo7KB0zd75x80bDnHHbc8p.jpg');
INSERT INTO public.person VALUES (10090, 'Richard Lawson', '/zP1iQOP5aimsRlRENl2mPtXyRGH.jpg');
INSERT INTO public.person VALUES (8689, 'Barry Shabaka Henley', '/q0hI6T9OlmdUYdjYRX8K3pdRnYH.jpg');
INSERT INTO public.person VALUES (70777, 'Kevin Rodney Sullivan', '/pxtf46T4tafq9zEkTcFq4LnWw1M.jpg');
INSERT INTO public.person VALUES (1652305, 'Paul Terry', '/v4qP4ghmW71ny7Pvi33ZGzSGZhZ.jpg');
INSERT INTO public.person VALUES (6199, 'Miriam Margolyes', '/vsnCGCp0nhJTag56HP8XFhXnZo9.jpg');
INSERT INTO public.person VALUES (34901, 'Joanna Lumley', '/omQvLqkQf9yemMroaj6MJbf37sf.jpg');
INSERT INTO public.person VALUES (4935, 'Pete Postlethwaite', '/2gpa75Ci4y2OKmOc8WXnaeGgyKF.jpg');
INSERT INTO public.person VALUES (4001, 'Simon Callow', '/no6qlnMrWeUzSt1FjD2Vf9x992e.jpg');
INSERT INTO public.person VALUES (3037, 'Richard Dreyfuss', '/q2BPu6zWwFtnzQfpl4fgbKqURXM.jpg');
INSERT INTO public.person VALUES (52951, 'Jane Leeves', '/tx0ukHUVzpzWKOvdfwdhri7rXhE.jpg');
INSERT INTO public.person VALUES (4038, 'Susan Sarandon', '/jR6l2EfvvGA8qCzZ7MB5FT9ZLkq.jpg');
INSERT INTO public.person VALUES (11207, 'David Thewlis', '/sNuYyT8ocLlQr3TdAW9CoKVbCU8.jpg');
INSERT INTO public.person VALUES (57646, 'Henry Selick', '/2LvtcpV8njWrp2W9eXmTNjsAWev.jpg');
INSERT INTO public.person VALUES (73421, 'Joaquin Phoenix', '/u38k3hQBDwNX0VA22aQceDp9Iyv.jpg');
INSERT INTO public.person VALUES (556356, 'Vanessa Kirby', '/tViEEsjvbhrJxWsOipUqIYjdHEb.jpg');
INSERT INTO public.person VALUES (81051, 'Tahar Rahim', '/r1SJ9nkG9q4JbPHbtcvcVxmRcHw.jpg');
INSERT INTO public.person VALUES (4757, 'Rupert Everett', '/g0kqfIxf9eIV7rOMQcbebsgMS9Z.jpg');
INSERT INTO public.person VALUES (1231402, 'Mark Bonnar', '/qEOp1lj0HGAVy1wpqIxMNkxIzn7.jpg');
INSERT INTO public.person VALUES (80365, 'Paul Rhys', '/l7uc38oZGMQbbq7WqE8rKn9xZJr.jpg');
INSERT INTO public.person VALUES (11280, 'Ben Miles', '/mT3BqoFUkyktXLvefQA6VxaGHJz.jpg');
INSERT INTO public.person VALUES (2599915, 'Riana Duce', '/AgJxumDV4srU7ye3d3m0IPDlH7P.jpg');
INSERT INTO public.person VALUES (1700994, 'Edouard Philipponnat', '/ffm6LPX4LWnwPyd1PJTH89bBlvU.jpg');
INSERT INTO public.person VALUES (4430, 'Sharon Stone', '/5lYs0HaAvsXPZJpMcndbSeQdPgT.jpg');
INSERT INTO public.person VALUES (193, 'Gene Hackman', '/wN8brfOI8AjngGchkQtFqfEPam5.jpg');
INSERT INTO public.person VALUES (934, 'Russell Crowe', '/uxiXuVH4vNWrKlJMVVPG1sxAJFe.jpg');
INSERT INTO public.person VALUES (6193, 'Leonardo DiCaprio', '/dmHB2IBu5DnCkNn7gMYcWCpwshd.jpg');
INSERT INTO public.person VALUES (2144, 'Tobin Bell', '/y5rppj4alNn2dYXR94DGp08baAx.jpg');
INSERT INTO public.person VALUES (66288, 'Roberts Blossom', '/CP19Dvjvx2xSrkyJQEdmAC4wug.jpg');
INSERT INTO public.person VALUES (27116, 'Kevin Conway', '/drTYTlwhnIeVaNdkSuIhTHo9xpC.jpg');
INSERT INTO public.person VALUES (2714, 'Lance Henriksen', '/1PkFmD5HdjmRa2DumtwINnnAjTH.jpg');
INSERT INTO public.person VALUES (7623, 'Sam Raimi', '/8gssvwiPrFRuFRlr5ruKx68k1Jl.jpg');
INSERT INTO public.person VALUES (30614, 'Ryan Gosling', '/kt35s4no5elQSo4YATI2E2sX8B0.jpg');
INSERT INTO public.person VALUES (36662, 'Carey Mulligan', '/iwVHhqoz5b62FR0SDpZ7wfsuTBI.jpg');
INSERT INTO public.person VALUES (17419, 'Bryan Cranston', '/npIIZJGSrcJIJ6yHdmbqO6Jzo5I.jpg');
INSERT INTO public.person VALUES (13, 'Albert Brooks', '/8iDSGu5l93N7benjf6b3AysBore.jpg');
INSERT INTO public.person VALUES (25072, 'Oscar Isaac', '/dW5U5yrIIPmMjRThR9KT2xH6nTz.jpg');
INSERT INTO public.person VALUES (110014, 'Christina Hendricks', '/nwSh3NXQtUT3joHbCVwLvOoBxJG.jpg');
INSERT INTO public.person VALUES (2372, 'Ron Perlman', '/pOgMRdJhbBsvwGLRFXPRASTfcay.jpg');
INSERT INTO public.person VALUES (972270, 'Kaden Leos', '/5mp6qF9xLaRU3FC6aDqpMd8ptbB.jpg');
INSERT INTO public.person VALUES (51303, 'Jeff Wolfe', '/mrbVMbf2IOKP9hzxH9rBZk8Vyp6.jpg');
INSERT INTO public.person VALUES (21183, 'Nicolas Winding Refn', '/o1PZZaqPbYt6f6e8PJkES73QKTG.jpg');
INSERT INTO public.person VALUES (113732, 'Iko Uwais', '/gMm9HKBZorMDnGChbPduQ66uhxM.jpg');
INSERT INTO public.person VALUES (592496, 'Joe Taslim', '/6S60RmKqa4p1HN0n4uaohNqjaU8.jpg');
INSERT INTO public.person VALUES (1202416, 'Donny Alamsyah', '/zfv0xvwhealzqRwI0BUQpbzrUuD.jpg');
INSERT INTO public.person VALUES (142019, 'Yayan Ruhian', '/y8ZLh6FZMuLFw8PhqDxcEsyozjJ.jpg');
INSERT INTO public.person VALUES (1001665, 'Pierre Gruno', '/ifZ7uh0As1tkJr1rV4kZHooYTZc.jpg');
INSERT INTO public.person VALUES (592495, 'Ray Sahetapy', '/gdUidZ0pNdk1WERTDKOGn9UWXPT.jpg');
INSERT INTO public.person VALUES (1001666, 'Tegar Satrya', '/hQU2DsjwCKcaEMUUrvqCklqdKhs.jpg');
INSERT INTO public.person VALUES (1103310, 'Iang Darmawan', '/sUP6ftoiEVHHCJe3FXQoi06XVim.jpg');
INSERT INTO public.person VALUES (1398995, 'Eka ''Piranha'' Rahmadia', NULL);
INSERT INTO public.person VALUES (142013, 'Gareth Evans', '/2skpocnewERTPODPNvwgL5czLzG.jpg');
INSERT INTO public.person VALUES (587506, 'Shameik Moore', '/ovUKfVOwJ7CadEHaG3NDsfA5xRq.jpg');
INSERT INTO public.person VALUES (543505, 'Jake Johnson', '/3UNfW2qZgRkW81neNVfQvaRC92K.jpg');
INSERT INTO public.person VALUES (130640, 'Hailee Steinfeld', '/dxSDWkiVaC6JYjrV3XRAZI7HOSS.jpg');
INSERT INTO public.person VALUES (932967, 'Mahershala Ali', '/9ZmSejm5lnUVY5IJ1iNx2QEjnHb.jpg');
INSERT INTO public.person VALUES (226366, 'Brian Tyree Henry', '/2MsJh0bpyzwvOUnXOltHp3j85Pb.jpg');
INSERT INTO public.person VALUES (10437, 'Lily Tomlin', '/eoFMSqRykiaXMGCiz7Kxehfqy1W.jpg');
INSERT INTO public.person VALUES (141610, 'Luna Lauren Vélez', '/98BvmTJCZHx0jPv0oNcv04Jkmfb.jpg');
INSERT INTO public.person VALUES (936670, 'Bob Persichetti', '/jmpNVUvvhJB2X2eOSKpveFnetM8.jpg');
INSERT INTO public.person VALUES (151007, 'Peter Ramsey', '/eAL9QdCEYyxiMP9cl9lQddg8zEa.jpg');
INSERT INTO public.person VALUES (59918, 'Rodney Rothman', '/75yKuJr1wL8qesEDYL2IHK67BEx.jpg');
INSERT INTO public.person VALUES (3910, 'Frances McDormand', '/gBkoteKZshmQXEyEoyT6WE7N0tF.jpg');
INSERT INTO public.person VALUES (57755, 'Woody Harrelson', '/igxYDQBbTEdAqaJxaW6ffqswmUU.jpg');
INSERT INTO public.person VALUES (6807, 'Sam Rockwell', '/afYhNpLwpa65Yy0Q0g00FNFhzx5.jpg');
INSERT INTO public.person VALUES (37260, 'Abbie Cornish', '/AgIA8uPnwySIbqaPjr5jEXwZbS.jpg');
INSERT INTO public.person VALUES (1105079, 'Lucas Hedges', '/8WP1uXUwm6Z1vzrMaIiKj89M6kX.jpg');
INSERT INTO public.person VALUES (6752, 'Željko Ivanek', '/xLv19n8UvGJLxI7Z6RIv9eNXGmf.jpg');
INSERT INTO public.person VALUES (572541, 'Caleb Landry Jones', '/8M5lPHrERwAIfWK56RkH30FOjhV.jpg');
INSERT INTO public.person VALUES (61011, 'Clarke Peters', '/ouDHDpocxXgXrosF3vShAEkOjHL.jpg');
INSERT INTO public.person VALUES (1372369, 'Samara Weaving', '/7ThO37CpqkBRgrosep0ROVs2q5s.jpg');
INSERT INTO public.person VALUES (54472, 'Martin McDonagh', '/pyDaAVKa8akTLHXzeTyF8oGymXN.jpg');
INSERT INTO public.person VALUES (17881, 'Jason Schwartzman', '/gCjMdmW1DiPAClHVl4zHEIffIsE.jpg');
INSERT INTO public.person VALUES (1455336, 'Issa Rae', '/uFjimuDgBv8kckApr19t8DykxPH.jpg');
INSERT INTO public.person VALUES (1046497, 'Justin K. Thompson', '/mRMi8Q2fmlfbDYkE7A63gzFtGsZ.jpg');
INSERT INTO public.person VALUES (2451598, 'Kemp Powers', '/oE4TcENMQw25t4UTAjrnl0m4JyH.jpg');
INSERT INTO public.person VALUES (89596, 'Joaquim Dos Santos', '/w45GPb3cW6TqPw4FxB5Hc6zzAwx.jpg');
INSERT INTO public.person VALUES (1190668, 'Timothée Chalamet', '/dFxpwRpmzpVfP1zjluH68DeQhyj.jpg');
INSERT INTO public.person VALUES (505710, 'Zendaya', '/uD5a0CsVbR0phlUvHXLlKntAIXS.jpg');
INSERT INTO public.person VALUES (933238, 'Rebecca Ferguson', '/lJloTOheuQSirSLXNA3JHsrMNfH.jpg');
INSERT INTO public.person VALUES (16851, 'Josh Brolin', '/sX2etBbIkxRaCsATyw5ZpOVMPTD.jpg');
INSERT INTO public.person VALUES (86654, 'Austin Butler', '/atdAs4pFGjUQ4m2W8kJYly7N6cC.jpg');
INSERT INTO public.person VALUES (543530, 'Dave Bautista', '/snk6JiXOOoRjPtHU5VMoy6qbd32.jpg');
INSERT INTO public.person VALUES (4690, 'Christopher Walken', '/ApgDL7nudR9T2GpjCG4vESgymO2.jpg');
INSERT INTO public.person VALUES (137427, 'Denis Villeneuve', '/zdDx9Xs93UIrJFWYApYR28J8M6b.jpg');
INSERT INTO public.person VALUES (935, 'Connie Nielsen', '/gSQ3O3PJ6ly6nT63joOtfZyscFP.jpg');
INSERT INTO public.person VALUES (936, 'Oliver Reed', '/dWfotc1X71wNCGyPO9hXpv8U9Gw.jpg');
INSERT INTO public.person VALUES (194, 'Richard Harris', '/lCvcVMuxrg1f5A8OMqY9AqkkcZR.jpg');
INSERT INTO public.person VALUES (937, 'Derek Jacobi', '/yHENzHZSVpnNrqsoATuDSMiQflf.jpg');
INSERT INTO public.person VALUES (938, 'Djimon Hounsou', '/tpvtxxvCx2Mb5DV632hmuYlHoiY.jpg');
INSERT INTO public.person VALUES (939, 'David Schofield', '/2Dlxu9pqbjKA0dbfy4yMUFjiqeW.jpg');
INSERT INTO public.person VALUES (940, 'John Shrapnel', '/A4Wmltbkz3sz79GcBkLeTqwfkvE.jpg');
INSERT INTO public.person VALUES (16483, 'Sylvester Stallone', '/gn3pDWthJqR0VDYGViGD3048og7.jpg');
INSERT INTO public.person VALUES (3094, 'Talia Shire', '/oktJmlLeyYKBCWPNjHskDwAfjct.jpg');
INSERT INTO public.person VALUES (4521, 'Burt Young', '/6QWnsSbjYog0D6hkPhg7Frty54D.jpg');
INSERT INTO public.person VALUES (1101, 'Carl Weathers', '/9Tot1ywxTQA3vFCcAjyK6h9Dao3.jpg');
INSERT INTO public.person VALUES (16523, 'Burgess Meredith', '/2ozNyIbHChcqIBANwvCDpUZGA9b.jpg');
INSERT INTO public.person VALUES (16524, 'Thayer David', '/gAkmthly4dMu2Az8SNVWNSeRsYy.jpg');
INSERT INTO public.person VALUES (16525, 'Joe Spinell', '/jiok99ZvHDOj51BBgio2qvum0Mb.jpg');
INSERT INTO public.person VALUES (16526, 'Jimmy Gambina', '/7z9cLBNBk67xstIS4dp2pMAgVyr.jpg');
INSERT INTO public.person VALUES (16527, 'Bill Baldwin', '/lxPg2ucKAdQJ2L3jT0Ob3E6kvS0.jpg');
INSERT INTO public.person VALUES (16513, 'John G. Avildsen', '/vDroEhmg2LLLKvReiHRwVvhtxh0.jpg');
INSERT INTO public.person VALUES (8784, 'Daniel Craig', '/iFerDZUmC5Fu26i4qI8xnUVEHc7.jpg');
INSERT INTO public.person VALUES (59315, 'Olivia Wilde', '/jYopRE6nhYGqpb64fVUKrbJVMy1.jpg');
INSERT INTO public.person VALUES (33527, 'Adam Beach', '/3ZMGfnRc7dYnAPl6ZSbGhqj6LHx.jpg');
INSERT INTO public.person VALUES (17142, 'Paul Dano', '/aoMS5ITUgDfLyHIyjes7BO9oCIz.jpg');
INSERT INTO public.person VALUES (88816, 'Noah Ringer', '/eXobIl7swPrxEqPzacBJczsCrOq.jpg');
INSERT INTO public.person VALUES (30613, 'Keith Carradine', '/5gayZWGqjTAVJXr1bXovk3oqOxW.jpg');
INSERT INTO public.person VALUES (6574, 'Clancy Brown', '/1JeBRNG7VS7r64V9lOvej9bZXW5.jpg');
INSERT INTO public.person VALUES (16554, 'Richard Crenna', '/dsViQ2ate32xTSQgxoEHKQl0Evj.jpg');
INSERT INTO public.person VALUES (6197, 'Brian Dennehy', '/cg7CwS1vMJXCzZ0FUm4RbrjAJ2t.jpg');
INSERT INTO public.person VALUES (16555, 'Bill McKinney', '/bXGJNizj5SbEFPjeBupnRxgwPq0.jpg');
INSERT INTO public.person VALUES (16556, 'Jack Starrett', '/AnB9XJJkveIyh64aeFKMs7jvyPW.jpg');
INSERT INTO public.person VALUES (16557, 'Michael Talbott', '/kyHGWUqaMsYoFXjywZcaqxsKjLh.jpg');
INSERT INTO public.person VALUES (15824, 'Chris Mulkey', '/kpJid21QcIBGvwP0Bddvw0p8wEl.jpg');
INSERT INTO public.person VALUES (16558, 'John McLiam', '/2clg52K8jbFllLD5M1QD0F3yYhj.jpg');
INSERT INTO public.person VALUES (16559, 'Alf Humphreys', '/uxY07qvGzaqVdtu4CpQjGs3W9KK.jpg');
INSERT INTO public.person VALUES (16544, 'Ted Kotcheff', '/kbayJIuimvJJUvMBgKWZz3KGjPa.jpg');
INSERT INTO public.person VALUES (12898, 'Tim Allen', '/woWhZzFILVhYMAvsPL171HjMY0y.jpg');
INSERT INTO public.person VALUES (8891, 'John Travolta', '/ap8eEYfBKTLixmVVpRlq4NslDD5.jpg');
INSERT INTO public.person VALUES (78029, 'Martin Lawrence', '/y3SQzIPUPJpdueb1DkbTYph68nk.jpg');
INSERT INTO public.person VALUES (3905, 'William H. Macy', '/hdVEGSrP8qWlJnt0v5vSVcGOjy7.jpg');
INSERT INTO public.person VALUES (11477, 'Ray Liotta', '/jdwGJbJNSRQiG2kB5MJxiu2clCQ.jpg');
INSERT INTO public.person VALUES (79072, 'Kevin Durand', '/hINvryvce5tpod6kTnUg9ZTH8wg.jpg');
INSERT INTO public.person VALUES (22132, 'M.C. Gainey', '/nM82se0lOFbOhhj3J6tRFcdEydO.jpg');
INSERT INTO public.person VALUES (3141, 'Marisa Tomei', '/5w6qM8FWsl5SutKSpx6Va64eCTE.jpg');
INSERT INTO public.person VALUES (50877, 'Jill Hennessy', '/aKsMIyY7gro0rrowVj91grq6OeM.jpg');
INSERT INTO public.person VALUES (68573, 'Walt Becker', '/mxhqwB0WjXjVH8EgjWDmACPKLxP.jpg');
INSERT INTO public.person VALUES (1979, 'Kevin Spacey', '/nPrUZDEbGQe6jwpVbHKJCXsMd7r.jpg');
INSERT INTO public.person VALUES (115146, 'Dominique McElligott', '/67WjmwIlPkt6Q6DANkMN1HjWha5.jpg');
INSERT INTO public.person VALUES (115147, 'Rosie Shaw', '/t798QpTlVOk3kUcf5Xm3TlNjVeV.jpg');
INSERT INTO public.person VALUES (115149, 'Adrienne Shaw', '/c62K2PlWXNtnOsnYnJ874H5UaQS.jpg');
INSERT INTO public.person VALUES (115150, 'Kaya Scodelario', '/uVp7VarM5GX08hfCEGt63OM5c5c.jpg');
INSERT INTO public.person VALUES (30082, 'Benedict Wong', '/yYfLyrC2CE6vBWSJfkpuVKL2POM.jpg');
INSERT INTO public.person VALUES (1488236, 'Matt Berry', '/1UCAuXgzQfeANlLnZFVSuq0OFhR.jpg');
INSERT INTO public.person VALUES (27110, 'Malcolm Stewart', NULL);
INSERT INTO public.person VALUES (81850, 'Duncan Jones', '/1YD0ODUMoibJTNbgWwN0l0d1sT0.jpg');
INSERT INTO public.person VALUES (1243, 'Woody Allen', '/wcPQgZLDibuej1RwNTy1R2U2ZJw.jpg');
INSERT INTO public.person VALUES (3092, 'Diane Keaton', '/A8B3BsFgbmw2WEmJuQX38qeU9eR.jpg');
INSERT INTO public.person VALUES (24292, 'Jerry Adler', '/8HZi9sk98qH5IroTc1vyyo2AZ3C.jpg');
INSERT INTO public.person VALUES (21278, 'Alan Alda', '/6ccCKFhXiMmjLoiFDyJaU4eJaQO.jpg');
INSERT INTO public.person VALUES (5657, 'Anjelica Huston', '/6hnYeHa7Rc1w1MmQ3JsLSIb7yCX.jpg');
INSERT INTO public.person VALUES (8792, 'Lynn Cohen', '/gF2YATtRwDbnLB5eG0DGeHFW2QM.jpg');
INSERT INTO public.person VALUES (371587, 'Melanie Norris', '/tpSGGJXV4uq41XSoOHmD1cYDrMI.jpg');
INSERT INTO public.person VALUES (5367, 'Zach Braff', '/koIHwqE6hWIXuOIDHNADwSuGq6N.jpg');
INSERT INTO public.person VALUES (166772, 'Joy Behar', '/kOKC57Pg5CXflrOtMryp2PqIcVn.jpg');
INSERT INTO public.person VALUES (73457, 'Chris Pratt', '/cRH6HPAQ98PlOwwEvhYO4CM9lwu.jpg');
INSERT INTO public.person VALUES (18997, 'Bryce Dallas Howard', '/6yhDkPXythZavS6Wk57XQ2sg5AW.jpg');
INSERT INTO public.person VALUES (76793, 'Irrfan Khan', '/qkA9PpWJRw3rNjVkWfNZdwLvRZx.jpg');
INSERT INTO public.person VALUES (7132, 'Vincent D''Onofrio', '/qkyiLolEqYMGH25xD4sFIXAjZQB.jpg');
INSERT INTO public.person VALUES (17181, 'Ty Simpkins', '/8FyJcMFmPdCSfz2Zc5ZcAKrIorj.jpg');
INSERT INTO public.person VALUES (1108907, 'Nick Robinson', '/w0eRVqmfdLs3zHogvF0CHDSak5S.jpg');
INSERT INTO public.person VALUES (78423, 'Omar Sy', '/ftoP3CMC4ob8VJAu1gEHSC714K5.jpg');
INSERT INTO public.person VALUES (14592, 'BD Wong', '/w7Hs9m6ocS2qlibvrLOvmyCKbAN.jpg');
INSERT INTO public.person VALUES (930707, 'Colin Trevorrow', '/i0HBClPMPKn3aq8QeQqyThS67EK.jpg');
INSERT INTO public.person VALUES (134, 'Jamie Foxx', '/25zzvFA6yx2Q9BYnugsbd4JWDfu.jpg');
INSERT INTO public.person VALUES (27319, 'Christoph Waltz', '/jMvLGCVXLaBqjRLf5olyvEucZob.jpg');
INSERT INTO public.person VALUES (11703, 'Kerry Washington', '/h50ibjjpR9lF566PHoV7u7CuWGY.jpg');
INSERT INTO public.person VALUES (2231, 'Samuel L. Jackson', '/AiAYAqwpM5xmiFrAIeQvUXDCVvo.jpg');
INSERT INTO public.person VALUES (27740, 'Walton Goggins', '/5lcVMJbWrNDFiWa1WxK4oR8zwev.jpg');
INSERT INTO public.person VALUES (27770, 'Dennis Christopher', '/bZMnSpQ6KEBuwUfnngNEpmqhEK.jpg');
INSERT INTO public.person VALUES (1736, 'James Remar', '/56LwfMaMge2LmWYI46O6R2Wm0YX.jpg');
INSERT INTO public.person VALUES (1067187, 'David Steen', '/frsLHFlVY6UVwh0ux4vrqHixO5C.jpg');
INSERT INTO public.person VALUES (138, 'Quentin Tarantino', '/1gjcpAa99FAOWGnrUvHEXXsRs7o.jpg');
INSERT INTO public.person VALUES (72466, 'Colin Farrell', '/5FdalJbrbZ5UCsED5rFrXpvbqJa.jpg');
INSERT INTO public.person VALUES (18182, 'Olga Kurylenko', '/ei6eYUhQFw2AaV6U5fyPptBaPF0.jpg');
INSERT INTO public.person VALUES (2887, 'Tom Waits', '/kmPOnRmxUgL0rjIUF98uToQrQKB.jpg');
INSERT INTO public.person VALUES (72873, 'Michael Stuhlbarg', '/aYB3SQm3h6ZyAdlbGyiNfakjx56.jpg');
INSERT INTO public.person VALUES (18472, 'Kevin Corrigan', '/obSUGc68mQDvFONalMg25Xw5GZM.jpg');
INSERT INTO public.person VALUES (71189, 'Cobie Smulders', '/1b0mYokcGsfFRge4bjXlS5ihtek.jpg');
INSERT INTO public.person VALUES (1466613, 'Danika Yarosh', '/i0Z0XnAFxf2BlhfJe26ach2HAVz.jpg');
INSERT INTO public.person VALUES (83860, 'Aldis Hodge', '/enDU0pemco1mFxxdLKUzWakC6sk.jpg');
INSERT INTO public.person VALUES (1223163, 'Patrick Heusinger', '/ddtKHbu7j2qW4PXFHk1qZIvTPO8.jpg');
INSERT INTO public.person VALUES (1485114, 'Madalyn Horcher', '/tgbI87CaMhNUFPdnqw9fpvh1hBW.jpg');
INSERT INTO public.person VALUES (7497, 'Holt McCallany', '/iRo9YUNMwZg4UCq7dapo0HydDmI.jpg');
INSERT INTO public.person VALUES (17343, 'Robert Knepper', '/lRncjvgCIm1muIkK94zJSH2i3d6.jpg');
INSERT INTO public.person VALUES (149590, 'Robert Catrini', '/zmA6oHE0OXhMrasd8qG9lvYYRaI.jpg');
INSERT INTO public.person VALUES (9181, 'Edward Zwick', '/RzRjOpqfob68smXTj5RPjankKr.jpg');
INSERT INTO public.person VALUES (9976, 'Henry Thomas', '/tyTcpTMIAyIIy30u8N59G0PI06f.jpg');
INSERT INTO public.person VALUES (69597, 'Drew Barrymore', '/9xMu2GLC5otUcC11sEWC5aEAERQ.jpg');
INSERT INTO public.person VALUES (9978, 'Robert MacNaughton', '/fYsyr42druY9iPNOiH7QsCob2TU.jpg');
INSERT INTO public.person VALUES (9979, 'Peter Coyote', '/AglpxXP9wBM567UMGL9DAMbid1V.jpg');
INSERT INTO public.person VALUES (62001, 'Dee Wallace', '/gVnwovXGgGcny8LJ3w9j3I9xTE7.jpg');
INSERT INTO public.person VALUES (23764, 'Erika Eleniak', '/lu9RKtMCHRZIzLJzWieiku0LSYU.jpg');
INSERT INTO public.person VALUES (9980, 'K.C. Martel', '/97MS9dZlwzOQ50O9PHxjykFtAFg.jpg');
INSERT INTO public.person VALUES (2878, 'C. Thomas Howell', '/739YbFWpAYyo9neHvBGThgmT4YH.jpg');
INSERT INTO public.person VALUES (9981, 'Sean Frye', '/fK5oztH0aqzB2uj8OaULoxi8CBy.jpg');
INSERT INTO public.person VALUES (1726151, 'Koyu Rankin', '/cJsX8JA9fCqdHlNYf2945MUvvn1.jpg');
INSERT INTO public.person VALUES (12438, 'Bob Balaban', '/qceORed11dvRnxQjVGexPvgF5Xu.jpg');
INSERT INTO public.person VALUES (819, 'Edward Norton', '/8nytsqL59SFJTVYVrN72k6qkGgJ.jpg');
INSERT INTO public.person VALUES (1532, 'Bill Murray', '/nnCsJc9x3ZiG3AFyiyc3FPehppy.jpg');
INSERT INTO public.person VALUES (4785, 'Jeff Goldblum', '/kcyEPgYtBP5Pm6LLeLGfXKjYovL.jpg');
INSERT INTO public.person VALUES (1714579, 'Kunichi Nomura', '/tcKdM9q1yWhNwZVUy59LFs2jaXM.jpg');
INSERT INTO public.person VALUES (26473, 'Fisher Stevens', '/wWC6wbLV56RJGtyytMmmGvi054t.jpg');
INSERT INTO public.person VALUES (1333696, 'Akira Takayama', '/o7HBnNpui9YYxgJLDSwrGwiye99.jpg');
INSERT INTO public.person VALUES (5655, 'Wes Anderson', '/s03CeUeC5yAXyB1acqP0zGNo2SC.jpg');
INSERT INTO public.person VALUES (1892, 'Matt Damon', '/At3JgvaNeEN4Z4ESKlhhes85Xo3.jpg');
INSERT INTO public.person VALUES (679, 'Franka Potente', '/aU6f9UemZsTkqKEG4l77zf6masg.jpg');
INSERT INTO public.person VALUES (12041, 'Julia Stiles', '/okcblz7pqeapHorLvxtxd3iNNic.jpg');
INSERT INTO public.person VALUES (1372, 'Karl Urban', '/6CkZLwEJxfqqcJHyeXegMAvOlPh.jpg');
INSERT INTO public.person VALUES (32458, 'Gabriel Mann', '/mrqiMfwoQnLBGGP3zvfHrwPKHJW.jpg');
INSERT INTO public.person VALUES (11148, 'Joan Allen', '/aLYQFv11lb8hyBuP7ewkuxWbK8q.jpg');
INSERT INTO public.person VALUES (20982, 'Marton Csokas', '/gmeUY7FR0bFLdu7Ma5kvpH3Gt6B.jpg');
INSERT INTO public.person VALUES (27030, 'Tom Gallop', '/jqbrDxorFinlo6Ae39SL17AvKaf.jpg');
INSERT INTO public.person VALUES (25598, 'Paul Greengrass', '/kJxQWrERq8p7gxRP2fIcS8suwme.jpg');
INSERT INTO public.person VALUES (11064, 'David Strathairn', '/w5YM2cGefPnkoyIXCi2UrCQW53r.jpg');
INSERT INTO public.person VALUES (349, 'Scott Glenn', '/8DHORod2l6ZFS9KR0gNAAM3WZfI.jpg');
INSERT INTO public.person VALUES (14887, 'Paddy Considine', '/uIKOm4w2wtUegxratSHj2KPFF7i.jpg');
INSERT INTO public.person VALUES (25616, 'Edgar Ramírez', '/7VZnIAI7Yye0rfs7fPM5wI2CI6N.jpg');
INSERT INTO public.person VALUES (3926, 'Albert Finney', '/a2qJxu55s97ySRdjsy2ywIXJvhf.jpg');
INSERT INTO public.person VALUES (2955, 'Chris Cooper', '/j0sQDzaDlnNAdaYhy6HRRAFi22.jpg');
INSERT INTO public.person VALUES (2296, 'Clive Owen', '/xlWpuLgwxMnZEVgV9OID1TkUNtP.jpg');
INSERT INTO public.person VALUES (31164, 'Adewale Akinnuoye-Agbaje', '/zdtwVtVmmm7VzYfu8xH7mbuTvrH.jpg');
INSERT INTO public.person VALUES (36592, 'Saoirse Ronan', '/w88uhQ5f8CXw9pQx5HtDrDpzQ4x.jpg');
INSERT INTO public.person VALUES (12133, 'Laurie Metcalf', '/ypAppMZ1Q99cBjtX4BAnZmWjVXe.jpg');
INSERT INTO public.person VALUES (72638, 'Tracy Letts', '/x318yEddF10ASORC5U958C2kowf.jpg');
INSERT INTO public.person VALUES (1496393, 'Beanie Feldstein', '/zeqMJb6TcxIEUhgjDigse5WD2a1.jpg');
INSERT INTO public.person VALUES (2207, 'Lois Smith', '/unvPSZshdNoj7c5wl6D30gPwKtS.jpg');
INSERT INTO public.person VALUES (196179, 'Stephen McKinley Henderson', '/z2weSPo4sdMNj47tP5o0me41r2z.jpg');
INSERT INTO public.person VALUES (1121786, 'Odeya Rush', '/arO1c4YzhjlYcZdHpu41haGQvpQ.jpg');
INSERT INTO public.person VALUES (45400, 'Greta Gerwig', '/3H0xzU12GTNJyQTpGysEuI9KyiQ.jpg');
INSERT INTO public.person VALUES (10297, 'Matthew McConaughey', '/lCySuYjhXix3FzQdS4oceDDrXKI.jpg');
INSERT INTO public.person VALUES (56365, 'Charlie Hunnam', '/5WIDrnY25Ps2RYu0zIzHSVuSt5n.jpg');
INSERT INTO public.person VALUES (70904, 'Michelle Dockery', '/pgPJGf2wAPgoC6Bp5PBJYQV7IVt.jpg');
INSERT INTO public.person VALUES (239271, 'Jeremy Strong', '/jcMhXWICSi4QjQttJVhFSiKVvpF.jpg');
INSERT INTO public.person VALUES (45753, 'Lyne Renee', '/ye1ZuD2ynhrAvVXMibJSXfezTsZ.jpg');
INSERT INTO public.person VALUES (1807132, 'Henry Golding', '/zWZDvqMInsficgm4o3W2cRJ6tmn.jpg');
INSERT INTO public.person VALUES (67212, 'Tom Wu', '/qBQAerjLCCglXIyMURUj3hPpiCM.jpg');
INSERT INTO public.person VALUES (1285754, 'Chidi Ajufo', '/4JHXQB7xU7nbM9X56jLLDlp61Pa.jpg');
INSERT INTO public.person VALUES (956, 'Guy Ritchie', '/9pLUnjMgIEWXi0mlHYzie9cKUTD.jpg');
INSERT INTO public.person VALUES (70046, 'Shūichirō Moriyama', '/dEvbRkdUknnNcjIh2yyXJXm7uIO.jpg');
INSERT INTO public.person VALUES (70047, 'Tokiko Kato', '/gEJE4cpBpGS1rq93qIwrmQ5duM8.jpg');
INSERT INTO public.person VALUES (70048, 'Bunshi Katsura VI', '/nndJZXsxHqRPor6K8KZicUjMZgE.jpg');
INSERT INTO public.person VALUES (20334, 'Tsunehiko Kamijô', '/v2poQi0qYEWdTaMf2pVTWmcdwZp.jpg');
INSERT INTO public.person VALUES (90133, 'Akemi Okamura', '/qEwVfsrA23SCzRZMSlghw2sHctQ.jpg');
INSERT INTO public.person VALUES (40451, 'Akio Otsuka', '/uH9oiqOOgrsz2zNnouVZ1qPzDyb.jpg');
INSERT INTO public.person VALUES (551769, 'Hiroko Seki', '/qT2lS6TuQIJkjJiReYFziXnpH9L.jpg');
INSERT INTO public.person VALUES (553785, 'Reizō Nomoto', '/4kdO7dnvRcYGN6ByGpB3esva1fY.jpg');
INSERT INTO public.person VALUES (83932, 'Osamu Saka', '/9H4Mr8CuifB8rtah1Psh6RpXE1d.jpg');
INSERT INTO public.person VALUES (608, 'Hayao Miyazaki', '/ouhjt9KugzhWtdEyBPipihB3ic8.jpg');
INSERT INTO public.person VALUES (172069, 'Chadwick Boseman', '/1lz1wLOuPFSRIratMz0SxD3tkJ.jpg');
INSERT INTO public.person VALUES (87243, 'Nicole Beharie', '/7ZgUAk3hkCrWSfjLYvnbKdyaNiN.jpg');
INSERT INTO public.person VALUES (22227, 'Christopher Meloni', '/nHlFFbRTh85vkohBBtRQjYnWEtb.jpg');
INSERT INTO public.person VALUES (57136, 'Ryan Merriman', '/a0UG62yrO9BXl7udxPNASUfnGIU.jpg');
INSERT INTO public.person VALUES (155, 'Lucas Black', '/w2oImwC4Y0RDtyvaKGTCFCKsvwh.jpg');
INSERT INTO public.person VALUES (459980, 'André Holland', '/riYqFOgYLYH4Hw8p2JYTw5lXGDE.jpg');
INSERT INTO public.person VALUES (184581, 'Hamish Linklater', '/ksTXQnWuKvmcVcbmHrvGaDof0P2.jpg');
INSERT INTO public.person VALUES (4723, 'Brian Helgeland', '/3nva1KGfPZMhqxBnr5PymluTOxf.jpg');
INSERT INTO public.person VALUES (1194157, 'Colin Meloy', '/lNNaQMLtzDt9YJ7gHGviiDhpsPe.jpg');
INSERT INTO public.person VALUES (1194154, 'Jenny Conlee', '/6P2CymYe5b647bUV1LP5uYNsFeq.jpg');
INSERT INTO public.person VALUES (1194155, 'Chris Funk', NULL);
INSERT INTO public.person VALUES (2267442, 'Petra Haden', NULL);
INSERT INTO public.person VALUES (1194158, 'John Moen', NULL);
INSERT INTO public.person VALUES (1194159, 'Nate Query', NULL);
INSERT INTO public.person VALUES (2267444, 'Jeff Feller', NULL);
INSERT INTO public.person VALUES (503, 'Justin Chatwin', '/nEHYlooGSwRzkhze1rQ7DOpJXLD.jpg');
INSERT INTO public.person VALUES (1619, 'Chow Yun-Fat', '/yATfb52VXqGjQksjo9wf4WYu2pQ.jpg');
INSERT INTO public.person VALUES (78323, 'Joon Park', '/gmVpIEDTfREaZsUA10OTMMaRGV0.jpg');
INSERT INTO public.person VALUES (78324, 'Jamie Chung', '/5KS919slWvKwK2fcE3jpkEodlxs.jpg');
INSERT INTO public.person VALUES (4730, 'Emmy Rossum', '/wq9ALe33ZGg38Yf1JsKnEcbhZQo.jpg');
INSERT INTO public.person VALUES (47297, 'James Marsters', '/3eHJAxcwHU33l9x0x76xjj2aB33.jpg');
INSERT INTO public.person VALUES (9462, 'Randall Duk Kim', '/31T1gSUP67F2qPI3x6uLJn3Sat7.jpg');
INSERT INTO public.person VALUES (8874, 'Ernie Hudson', '/kgAdQA2ItCDVvKXufeDHc6Omiso.jpg');
INSERT INTO public.person VALUES (53185, 'Texas Battle', '/zPzagAtKxbHKrQLAQ69KSYLZxjA.jpg');
INSERT INTO public.person VALUES (57134, 'James Wong', '/uIo0Bk5HG4RRuvekKRGANzwBZin.jpg');
INSERT INTO public.person VALUES (34923, 'Atsuko Tanaka', '/pacuup8TMK9SFsSJOY8jlbyzkFt.jpg');
INSERT INTO public.person VALUES (625, 'Iemasa Kayumi', '/645IcH3dtGiZyMNq1i1041jVdyW.jpg');
INSERT INTO public.person VALUES (20664, 'Koichi Yamadera', '/biov5jENp2XYfehkcdnRvi796Wi.jpg');
INSERT INTO public.person VALUES (83933, 'Yutaka Nakano', '/qpI179YMdnMPaiH2rqieep3SYC3.jpg');
INSERT INTO public.person VALUES (12199, 'Tamio Ohki', '/ixEU7F1vWpcm0MGqc04xXNGLpHz.jpg');
INSERT INTO public.person VALUES (1681, 'Tessyo Genda', '/7eJeYv2OCHKAadeFVdabVkpWldo.jpg');
INSERT INTO public.person VALUES (1765827, 'Masakazu Namaki', '/24vPPiTsEuHTqFXYobcj2mmIvmG.jpg');
INSERT INTO public.person VALUES (1241453, 'Masato Yamanouchi', NULL);
INSERT INTO public.person VALUES (12180, 'Mamoru Oshii', '/2eDakuSsipmgku9MtGcZf244Hv4.jpg');
INSERT INTO public.person VALUES (887, 'Owen Wilson', '/lFxHIlcywMlYpe6wkW39sfBrqag.jpg');
INSERT INTO public.person VALUES (3636, 'Paul Newman', '/bP2fByqNR7BorsUNuD6nSm0u2vJ.jpg');
INSERT INTO public.person VALUES (5149, 'Bonnie Hunt', '/tT9C6uLztgN8OxJULq6F9iEzqlA.jpg');
INSERT INTO public.person VALUES (15897, 'Larry the Cable Guy', '/34pX2sQj9DddaQWRBGukSWYdXxS.jpg');
INSERT INTO public.person VALUES (11159, 'Cheech Marin', '/eecHDNRn9K80ZcuSocsMhQb2G1i.jpg');
INSERT INTO public.person VALUES (4252, 'Tony Shalhoub', '/1zfBSuAmOr1xXjNg4WzFWPm5B0Z.jpg');
INSERT INTO public.person VALUES (15898, 'Guido Quaroni', '/ie2Q3UcrASkiDKqJOMlhaRaSgFS.jpg');
INSERT INTO public.person VALUES (15899, 'Jenifer Lewis', '/htrTYcoJQQpSYo6BrRehe3h46vo.jpg');
INSERT INTO public.person VALUES (15900, 'Paul Dooley', '/7nTdbpU4wIsSDZ8WCPXNJOG9KPI.jpg');
INSERT INTO public.person VALUES (7879, 'John Lasseter', '/xlrE4VD2VbZCDpaNdWCpH1ZihPS.jpg');
INSERT INTO public.person VALUES (1461, 'George Clooney', '/dt0a7DT0SQeHb7NpURD6ifyEzsN.jpg');
INSERT INTO public.person VALUES (44649, 'Violante Placido', '/qVs8LdHIU2E5RlSuSr4MK0zyf7B.jpg');
INSERT INTO public.person VALUES (45749, 'Thekla Reuten', '/grsIJAo7a37SAVl3La5aaUFpVla.jpg');
INSERT INTO public.person VALUES (4819, 'Paolo Bonacelli', '/7h2EJQ19m9pZCfyGEoXb8aEFIF2.jpg');
INSERT INTO public.person VALUES (53904, 'Johan Leysen', '/pCBvrMKTNo6cqC63qDSipbtt2Rs.jpg');
INSERT INTO public.person VALUES (85386, 'Irina Björklund', '/3kHlo4M9TxGpbMQsM8ST4FjH4sp.jpg');
INSERT INTO public.person VALUES (1280827, 'Lars Hjelm', NULL);
INSERT INTO public.person VALUES (55002, 'Björn Granath', '/x6H9cCe7yModCopeskGdcOKnONX.jpg');
INSERT INTO public.person VALUES (226029, 'Giorgio Gobbi', '/emCOa42vDYsXjtvWzKZo1bJ1DPS.jpg');
INSERT INTO public.person VALUES (45052, 'Anton Corbijn', '/VEMarmHwiyHwym4Z3jmFyIFXoE.jpg');
INSERT INTO public.person VALUES (449, 'Jay Baruchel', '/1GYJeQzPcY9Pfmc3FFsBwClkCv7.jpg');
INSERT INTO public.person VALUES (17276, 'Gerard Butler', '/i54XoxYieuff2w6MwyfwVUBvmR0.jpg');
INSERT INTO public.person VALUES (24264, 'Craig Ferguson', '/mBxNrOxdQeM7bVBveE47Syj9ES6.jpg');
INSERT INTO public.person VALUES (59174, 'America Ferrera', '/7q9uUWnaIjveX8DTU2lcA7mA3dp.jpg');
INSERT INTO public.person VALUES (21007, 'Jonah Hill', '/cymlWttB83MsAGR2EkTgANtjeRH.jpg');
INSERT INTO public.person VALUES (54691, 'Christopher Mintz-Plasse', '/dnj2qyxmPt5JF5uurbXQLegppAx.jpg');
INSERT INTO public.person VALUES (51990, 'T.J. Miller', '/rRrVvBxOkyYM5XdLXimShHR1Itn.jpg');
INSERT INTO public.person VALUES (41091, 'Kristen Wiig', '/oddvykQHx71hEZlvKinCzB3Vcfh.jpg');
INSERT INTO public.person VALUES (130081, 'Robin Atkin Downes', '/qb4xPIJGiKyiQ2MhSDQzFWxN0jS.jpg');
INSERT INTO public.person VALUES (69797, 'Dean DeBlois', '/nnaiwvrJdfjpsdqjuyYlq9S0uMA.jpg');
INSERT INTO public.person VALUES (66193, 'Chris Sanders', '/6CtrIOCxggJ5eIAWeFQqd4Hs9FP.jpg');
INSERT INTO public.person VALUES (585, 'Rutger Hauer', '/xyag0LbjocTwx2Ht7B3RofvCNMT.jpg');
INSERT INTO public.person VALUES (586, 'Sean Young', '/yfJADYt6xYPpg1g7Z7TTW0bcL2s.jpg');
INSERT INTO public.person VALUES (587, 'Edward James Olmos', '/mXnilUrQBIMLHSQkPjQk99mX70x.jpg');
INSERT INTO public.person VALUES (588, 'M. Emmet Walsh', '/fVWvBxvwyk4aTA9vKZOV9qHRNNk.jpg');
INSERT INTO public.person VALUES (589, 'Daryl Hannah', '/5FllFmoiaru7tjXJ6Orc11OpQcw.jpg');
INSERT INTO public.person VALUES (590, 'William Sanderson', '/i3JfaavAFq9ayeJ4doUaOGjHMMW.jpg');
INSERT INTO public.person VALUES (591, 'Brion James', '/qy5jIIsWrNCV1OVRaUiqYNhLLVT.jpg');
INSERT INTO public.person VALUES (592, 'Joe Turkel', '/rqpNzjLFCoMrvGSf6SIL5JnWwMT.jpg');
INSERT INTO public.person VALUES (880, 'Ben Affleck', '/aTcqu8cI4wMohU17xTdqmXKTGrw.jpg');
INSERT INTO public.person VALUES (73968, 'Henry Cavill', '/kN3A5oLgtKYAxa9lAkpsIGYKYVo.jpg');
INSERT INTO public.person VALUES (44735, 'Jesse Eisenberg', '/yYhwWRcxDHTn63gSEF1vnDAD7cD.jpg');
INSERT INTO public.person VALUES (90633, 'Gal Gadot', '/qCJB1ACi5VjtY4ypXuv3hjAvbSu.jpg');
INSERT INTO public.person VALUES (9273, 'Amy Adams', '/1h2r2VTpoFb5QefAaBYYQgQzL9z.jpg');
INSERT INTO public.person VALUES (2882, 'Diane Lane', '/6OfP3vFMuCL51zamFKgb8aS74hs.jpg');
INSERT INTO public.person VALUES (2975, 'Laurence Fishburne', '/2GbXERENPpl5MmlqOLlPVaVtifD.jpg');
INSERT INTO public.person VALUES (16940, 'Jeremy Irons', '/w8Ct1q02Ht3sWdOSqfp3B85TzT.jpg');
INSERT INTO public.person VALUES (18686, 'Holly Hunter', '/kC7KX03VAWvogOCuwKbMo4V6TuU.jpg');
INSERT INTO public.person VALUES (15217, 'Zack Snyder', '/iD0GDqkvJXDXiNEZej198hjt3Tt.jpg');
INSERT INTO public.person VALUES (72855, 'Felicity Jones', '/fyhWRmxpTEYl5d8DnkIo6i8RdWJ.jpg');
INSERT INTO public.person VALUES (8688, 'Diego Luna', '/qwbjcyDN37OHiln4a6P4LP31o7F.jpg');
INSERT INTO public.person VALUES (1341, 'Donnie Yen', '/hTlhrrZMj8hZVvD17j4KyAFWBHc.jpg');
INSERT INTO public.person VALUES (77301, 'Jiang Wen', '/sHkCsohuCUbVdKSnp11qejNOtZb.jpg');
INSERT INTO public.person VALUES (77335, 'Ben Mendelsohn', '/pA9mu9D2IolVA0v2Yo0tJm6uUyI.jpg');
INSERT INTO public.person VALUES (40638, 'Guy Henry', '/e7CrEtyRrI4q4phB61EzY2Uo38f.jpg');
INSERT INTO public.person VALUES (2178, 'Forest Whitaker', '/4w7l5JUwnwFNBy7J93ZwYN1nihm.jpg');
INSERT INTO public.person VALUES (53240, 'Riz Ahmed', '/1uP9RaX7BGVx7XGTEmwObBJJzsC.jpg');
INSERT INTO public.person VALUES (129894, 'Gareth Edwards', '/dyJwZCdIOBqq80sB8pE0yZErGv7.jpg');
INSERT INTO public.person VALUES (3894, 'Christian Bale', '/7Pxez9J8fuPd2Mn9kex13YALrCQ.jpg');
INSERT INTO public.person VALUES (15009, 'Justin Theroux', '/vnI9L0rXBAw1HeC0Q8hJGeJMGAW.jpg');
INSERT INTO public.person VALUES (6164, 'Josh Lucas', '/ueR4CH32f22DGjFxuhnW1o3YKB3.jpg');
INSERT INTO public.person VALUES (32029, 'Bill Sage', '/3q2r6eDcC843GgVHVA7mSehcqC9.jpg');
INSERT INTO public.person VALUES (368, 'Reese Witherspoon', '/mfjunuTHrd0wnh8UG1ImMN9FSws.jpg');
INSERT INTO public.person VALUES (20767, 'Samantha Mathis', '/7J7gvH1uRqfPAPlg7b35rrxSbLB.jpg');
INSERT INTO public.person VALUES (11154, 'Matt Ross', '/qqPMm2lrjajJ1EpJ1jXEayz5oqP.jpg');
INSERT INTO public.person VALUES (7499, 'Jared Leto', '/ca3x0OfIKbJppZh8S1Alx3GfUZO.jpg');
INSERT INTO public.person VALUES (16378, 'Mary Harron', '/NAUg6eMuJ8aIzkLiyxVVxPEKEX.jpg');
INSERT INTO public.person VALUES (996701, 'Miles Teller', '/kDf3sW3USjEBDQ3Ua7lbwOfwty6.jpg');
INSERT INTO public.person VALUES (18999, 'J.K. Simmons', '/ScmKoJ9eiSUOthAt1PDNLi8Fkw.jpg');
INSERT INTO public.person VALUES (781, 'Paul Reiser', '/rGryzG00uSk8LsidacSBXVgo3iv.jpg');
INSERT INTO public.person VALUES (129104, 'Melissa Benoist', '/fUPIkDDVmyZPejPu67HyfdDar9W.jpg');
INSERT INTO public.person VALUES (970216, 'Austin Stowell', '/At09XQpVXnChgedNsxu4ceR5W9i.jpg');
INSERT INTO public.person VALUES (1451540, 'Nate Lang', '/6TC0gKxJIttIhXLnCttANV9gd1G.jpg');
INSERT INTO public.person VALUES (53454, 'Damon Gupton', '/bbbJiEx01uvOCKwiEHv9OmPI4r8.jpg');
INSERT INTO public.person VALUES (1212459, 'Suanne Spoke', '/c3eHskplBRwuORgUWSwnsi6KZpV.jpg');
INSERT INTO public.person VALUES (136495, 'Damien Chazelle', '/14kRZ3XxNMyBv717YQSXr3wCucy.jpg');
INSERT INTO public.person VALUES (1271, 'Andy Garcia', '/9EivXoBlczZcFBet96WOoFbDsfF.jpg');
INSERT INTO public.person VALUES (1204, 'Julia Roberts', '/mQ7076pL4Ac0ZzY4w31labWIdQt.jpg');
INSERT INTO public.person VALUES (1893, 'Casey Affleck', '/304ilSygaCRWykoBWAL67TOw8g9.jpg');
INSERT INTO public.person VALUES (1894, 'Scott Caan', '/hX5X4K7BfzOOGcxiNQ24EpPZrfC.jpg');
INSERT INTO public.person VALUES (827, 'Elliott Gould', '/vqjRBbuqXOvalAx5JZEaWx6kQOw.jpg');
INSERT INTO public.person VALUES (1898, 'Eddie Jemison', '/zGnEYsiIm4FUrujbDvMfQEivvnj.jpg');
INSERT INTO public.person VALUES (1884, 'Steven Soderbergh', '/y8JlSDcQzd7gAaKyxFpExupMwDz.jpg');
INSERT INTO public.person VALUES (613, 'Sumi Shimamoto', '/iKIDv2VFpAgzJ0uMQi7pzcMHB9i.jpg');
INSERT INTO public.person VALUES (617, 'Ichiro Nagai', '/d5LuqwoIjMIqKvKmEk5y6AZY1Ww.jpg');
INSERT INTO public.person VALUES (616, 'Gorō Naya', '/v5R3cjPEVeLRPWlZPziYP8ooV5w.jpg');
INSERT INTO public.person VALUES (622, 'Yoji Matsuda', '/42WeHwCymsgJh3mLAyknCdRcef8.jpg');
INSERT INTO public.person VALUES (624, 'Yoshiko Sakakibara', '/bptHqpgbAxIzEoj6OMtt3ayOjgT.jpg');
INSERT INTO public.person VALUES (615, 'Hisako Kyoda', '/7p7kVXNp1ZhJp2KejBPQwD8j9nE.jpg');
INSERT INTO public.person VALUES (614, 'Mahito Tsujimura', '/nB2XEl1ZZujLm8kNwNCAOrXBDlc.jpg');
INSERT INTO public.person VALUES (623, 'Mina Tominaga', '/A1MTkgqfy8UYkQTOLhv3oxo7eYA.jpg');
INSERT INTO public.person VALUES (11856, 'Daniel Day-Lewis', '/3kNA9VcmymoEwT0btQ4bvMYxzcP.jpg');
INSERT INTO public.person VALUES (18916, 'Kevin J. O''Connor', '/9ZO0QYkxjhThd8IVqSJw7gHyQ68.jpg');
INSERT INTO public.person VALUES (8785, 'Ciarán Hinds', '/d8wLIX9VYgwXRGSp1gmUdUxmApv.jpg');
INSERT INTO public.person VALUES (52564, 'Dillon Freasier', '/pTm23xcMB2oLu6Mc5LNXkrXVdla.jpg');
INSERT INTO public.person VALUES (52565, 'Hope Elizabeth Reeves', '/bejWpYL6CZpahu1ZsPeu1gr60yE.jpg');
INSERT INTO public.person VALUES (52566, 'Colleen Foy', '/A1TBRUWcicNpbyJWUIof5b9JoYB.jpg');
INSERT INTO public.person VALUES (8214, 'Barry Del Sherman', '/zXLTW52g9BW9CCQ5fzxoGNLDe8P.jpg');
INSERT INTO public.person VALUES (53668, 'David Willis', '/4OT7d0uTl1xU5fEDB4ogUYqhHKW.jpg');
INSERT INTO public.person VALUES (4762, 'Paul Thomas Anderson', '/wKAs2LtLYSUzt3ZZ8pnxMwuEWuR.jpg');
INSERT INTO public.person VALUES (1817, 'Linda Cardellini', '/bcycvynDprC1rrhBNrnBjn5uOUd.jpg');
INSERT INTO public.person VALUES (299743, 'Sebastian Maniscalco', '/8TvA9HEwURJmY9MkkUruB4Sl0lR.jpg');
INSERT INTO public.person VALUES (1613744, 'Dimiter D. Marinov', '/lZwHZ27xqsPsuswcxyx6uWSh5VP.jpg');
INSERT INTO public.person VALUES (130532, 'Mike Hatton', '/f1dQlVm0plWWCcFczq4d9jTQUxN.jpg');
INSERT INTO public.person VALUES (1211946, 'P.J. Byrne', '/shniQxLvKNvANyJy3hLG8Oo7fW7.jpg');
INSERT INTO public.person VALUES (830, 'Joe Cortese', '/4Z2PvYRrpZ27xLKnDrtX6iRmJ3e.jpg');
INSERT INTO public.person VALUES (5907315, 'Mary Agnes Nixon', '/f1ixNu31SxTh9VDDu7X1x62d2jL.jpg');
INSERT INTO public.person VALUES (7396, 'Peter Farrelly', '/3PDYOFfk5NLmNcEz6SFZmdmqVZr.jpg');
INSERT INTO public.person VALUES (7450, 'Toshirō Mifune', '/3A9PqrtiXHLp8B2JL7m3YvVXrmL.jpg');
INSERT INTO public.person VALUES (70131, 'Tatsuya Nakadai', '/4LygOe0vFQplLIft5IUWI5OewPX.jpg');
INSERT INTO public.person VALUES (70811, 'Yōko Tsukasa', '/hq7RFoQmnq82KoJpFPzioNXqlrK.jpg');
INSERT INTO public.person VALUES (33761, 'Isuzu Yamada', '/3b029DnOGOGBCj9rzg8RQFfYPHw.jpg');
INSERT INTO public.person VALUES (7457, 'Daisuke Katō', '/dTcLO2XWLwp6RiJTpwDjxzbnuSp.jpg');
INSERT INTO public.person VALUES (83202, 'Seizaburō Kawazu', '/l6d2AdjkG59E35X1snJWrt4oph2.jpg');
INSERT INTO public.person VALUES (7453, 'Takashi Shimura', '/ydyAm2vyBbEPZRICIMqqjDm0NM9.jpg');
INSERT INTO public.person VALUES (33763, 'Hiroshi Tachikawa', '/hBbv13LAOe8apqS1l5oXo36Vez8.jpg');
INSERT INTO public.person VALUES (131201, 'Yōsuke Natsuki', '/jE3Vvko1gVcRUB6x4aWAwztaD0B.jpg');
INSERT INTO public.person VALUES (5026, 'Akira Kurosawa', '/ca8fRqLDfTJTCamLKHp70up23ET.jpg');
INSERT INTO public.person VALUES (1683343, 'Cailee Spaeny', '/lAhpFajAciCOvq8cgOViOKysnlT.jpg');
INSERT INTO public.person VALUES (2761308, 'David Jonsson', '/2ZZNGZw57KKMrVIr27g7W16G0jV.jpg');
INSERT INTO public.person VALUES (2164506, 'Archie Renaux', '/uTd18t2VJovN2jSJyhuG8Yy3PV6.jpg');
INSERT INTO public.person VALUES (1428070, 'Isabela Merced', '/cQlaWpBzyPx4p6PDz0cr1Y0DrWY.jpg');
INSERT INTO public.person VALUES (2304140, 'Spike Fearn', '/a03zZnBwK3DyCam01AuN0DLYVDs.jpg');
INSERT INTO public.person VALUES (3948018, 'Aileen Wu', '/yRMY9MWcPp0PDTDj6iOWvIqBe7f.jpg');
INSERT INTO public.person VALUES (1737976, 'Rosie Ede', '/h6HTwvixLAq9HMGVyoAlWwahuA0.jpg');
INSERT INTO public.person VALUES (4848544, 'Soma Simon', NULL);
INSERT INTO public.person VALUES (4848546, 'Bence Okeke', NULL);
INSERT INTO public.person VALUES (932248, 'Fede Álvarez', '/1LULCZie16dlfQKDpZYrQDAVzEk.jpg');
INSERT INTO public.person VALUES (1785590, 'David Corenswet', '/yoQxpUPt3le9zY4Sab3g2ANy4CE.jpg');
INSERT INTO public.person VALUES (993774, 'Rachel Brosnahan', '/vAyPlEXm9zXI4uCpClprIj3e0IU.jpg');
INSERT INTO public.person VALUES (39391, 'Edi Gathegi', '/dt8yMyycDlzxkjhmuuJJ4tXDbp4.jpg');
INSERT INTO public.person VALUES (51797, 'Nathan Fillion', '/aW6vCxkUZtwb6iH2Wf88Uq0XNVv.jpg');
INSERT INTO public.person VALUES (1601451, 'María Gabriela de Faría', '/1GtHCXOOf3t0B8i6Jb1etXQUBdD.jpg');
INSERT INTO public.person VALUES (61263, 'Skyler Gisondo', '/vyalCuJUUP7Ht1vMWZQzhOrscXV.jpg');
INSERT INTO public.person VALUES (15218, 'James Gunn', '/pnKqZub3IlKYbyH9RRTMDOoqEn0.jpg');
INSERT INTO public.person VALUES (504, 'Tim Robbins', '/3FfJMIVwXgsIXbAT8ECBSZJAncR.jpg');
INSERT INTO public.person VALUES (192, 'Morgan Freeman', '/jPsLqiYGSofU4s6BjrxnefMfabb.jpg');
INSERT INTO public.person VALUES (4029, 'Bob Gunton', '/ulbVvuBToBN3aCGcV028hwO0MOP.jpg');
INSERT INTO public.person VALUES (6573, 'William Sadler', '/rWeb2kjYCA7V9MC9kRwRpm57YoY.jpg');
INSERT INTO public.person VALUES (6575, 'Gil Bellows', '/eCOIv2nSGnWTHdn88NoMyNOKWyR.jpg');
INSERT INTO public.person VALUES (6577, 'James Whitmore', '/nYMAbkfwFIgKK84vnLoQctI6vHg.jpg');
INSERT INTO public.person VALUES (6576, 'Mark Rolston', '/hcrNRIptYMRXgkJ9k76BlQu6DQp.jpg');
INSERT INTO public.person VALUES (12645, 'Jeffrey DeMunn', '/70bkLdlkBB7x2NztuJAh4pjdyxy.jpg');
INSERT INTO public.person VALUES (4027, 'Frank Darabont', '/vZ50guP86otYTiBSGfi35GNHWVf.jpg');
INSERT INTO public.person VALUES (78346, 'Yuria Kozuki', '/tCI0CLCBXFme17d8aiyc7oxiwlC.jpg');
INSERT INTO public.person VALUES (78347, 'Hiroki Doi', '/zWcRrhmnXjJosEhAp9KJUBICqSW.jpg');
INSERT INTO public.person VALUES (78348, 'George Tokoro', '/bndtzl3ghsdYqjgGqsmp4oUtxtw.jpg');
INSERT INTO public.person VALUES (78349, 'Tomoko Yamaguchi', '/a6g8bSRKeKkFR7A1NP7mMTG3VSe.jpg');
INSERT INTO public.person VALUES (78350, 'Yuki Amami', '/h5OODF0k6lOomoA6T4BzyqFTcdL.jpg');
INSERT INTO public.person VALUES (78351, 'Kazushige Nagashima', '/vfC3O4DPPXI5RWnUmne1w25uOJf.jpg');
INSERT INTO public.person VALUES (78352, 'Akiko Yano', '/hvxKBkHN0ycCRR5agukqq0bgldL.jpg');
INSERT INTO public.person VALUES (78353, 'Shin''ichi Hatori', '/hU5C3QKuzZH1kTeuPCgjYds6EXk.jpg');
INSERT INTO public.person VALUES (78354, 'Tokie Hidari', '/fBWvSwfL8ur5TTREAndHnVfUsq8.jpg');
INSERT INTO public.person VALUES (3291, 'Hugh Grant', '/dvV843fOuzsEPXHtFvdzsHpy1rC.jpg');
INSERT INTO public.person VALUES (1231, 'Julianne Moore', '/3YF19rWusxWfEI59ZM33dFhasRq.jpg');
INSERT INTO public.person VALUES (74036, 'Tom Arnold', '/z2ajL1ozVCS4Ug04zOGCNH06OPP.jpg');
INSERT INTO public.person VALUES (3234, 'Joan Cusack', '/59UIeHZFYrKyP20lXqijtfTXglO.jpg');
INSERT INTO public.person VALUES (2157, 'Robin Williams', '/iYdeP6K0qz44Wg2Nw9LPJGMBkQ5.jpg');
INSERT INTO public.person VALUES (149209, 'Mia Cottet', '/q44UKyD3LWjvYoyVNJxZU0LK3Pd.jpg');
INSERT INTO public.person VALUES (112085, 'Joey Simmrin', '/3oxDFMByqylma4M7wXjXXY4GyzD.jpg');
INSERT INTO public.person VALUES (34486, 'Ashley Johnson', '/8s36QwB7Zq3PrbY1W6a6ctTFFoe.jpg');
INSERT INTO public.person VALUES (10965, 'Chris Columbus', '/yCyEz90NqjEXKZ7HYcEhDXlLlPc.jpg');
INSERT INTO public.person VALUES (7399, 'Ben Stiller', '/scgpxhI05JpdNXXfmpK6z0rPOWN.jpg');
INSERT INTO public.person VALUES (2228, 'Sean Penn', '/9glqNTVpFpdN1nFklKaHPUyCwR6.jpg');
INSERT INTO public.person VALUES (4090, 'Shirley MacLaine', '/mpW9c34IAFPW0ODuKR8J0FAqN5i.jpg');
INSERT INTO public.person VALUES (36801, 'Adam Scott', '/b82C29R6fGiPoqIglQ4lzS6q2YX.jpg');
INSERT INTO public.person VALUES (17696, 'Kathryn Hahn', '/dh6MQiVHCnH3YS12ZjcI75FDFJK.jpg');
INSERT INTO public.person VALUES (10872, 'Patton Oswalt', '/ljQvjbPmcIAl205Lb2Mu4CW8WO7.jpg');
INSERT INTO public.person VALUES (94432, 'Adrian Martinez', '/id70SLEpj9jelZZepJlapaXH8lR.jpg');
INSERT INTO public.person VALUES (110902, 'Ólafur Darri Ólafsson', '/5ZlxkgsiKh9d4fWzR23sDf8d3HO.jpg');
INSERT INTO public.person VALUES (4491, 'Jennifer Aniston', '/7sQcYpMkmZMc2pXnkmAuYzNVhXB.jpg');
INSERT INTO public.person VALUES (18688, 'Harry Connick Jr.', '/il1t0cshowbZ6mMtH1930baQx9n.jpg');
INSERT INTO public.person VALUES (12835, 'Vin Diesel', '/nZdVry7lnUkE24PnXakok9okvL4.jpg');
INSERT INTO public.person VALUES (16433, 'James Gammon', '/ar7am7PST1c91LYPYnrmJJxc9zH.jpg');
INSERT INTO public.person VALUES (9599, 'Cloris Leachman', '/o8pnV9urjuHZDAR2u4UjPy2CR1u.jpg');
INSERT INTO public.person VALUES (4443, 'Christopher McDonald', '/gK1XhbfD9Xd8s3VXRPpgDCluyZp.jpg');
INSERT INTO public.person VALUES (4251, 'John Mahoney', '/paVSw7Brdp6MKa2j4UPukA0KHs3.jpg');
INSERT INTO public.person VALUES (116027, 'Eli Marienthal', '/lrIygexYKs1bhcIjbHtyCejRaAe.jpg');
INSERT INTO public.person VALUES (7087, 'Brad Bird', '/z73rItPBDoRUowY5kuWDMlue3DB.jpg');
INSERT INTO public.person VALUES (1679770, 'Lindsay LaVanchy', '/izTspHKOpOAslVtlOsMv89o0rNe.jpg');
INSERT INTO public.person VALUES (113308, 'Louis Ozawa', '/6Vyyw66FFslmfrgKauzUUoetC8F.jpg');
INSERT INTO public.person VALUES (53184, 'Rick Gonzalez', '/pVHDPq1a2oCZktgI3VumMRzGBd3.jpg');
INSERT INTO public.person VALUES (2712, 'Michael Biehn', '/9oFLsADWQm2TvU8XzLIzBbjdMkU.jpg');
INSERT INTO public.person VALUES (1047370, 'Doug Cockle', '/sQGrr2Sjn5o9hrKvcFEnCyTuNw4.jpg');
INSERT INTO public.person VALUES (1445715, 'Damien C. Haas', '/ioVkHdZx89Tsomhet20ziXM93M8.jpg');
INSERT INTO public.person VALUES (1681573, 'Lauren Holt', '/2dPQDpa9Q3tWUOlFiGspxFAOw6l.jpg');
INSERT INTO public.person VALUES (1043835, 'Jeff Leach', NULL);
INSERT INTO public.person VALUES (83272, 'Cherami Leigh', '/eUhJlXfWeeNW8xvyFXHa1EouVUP.jpg');
INSERT INTO public.person VALUES (568322, 'Dan Trachtenberg', '/crABZLMi5SAz7rKm0wV6JUOeKs5.jpg');
INSERT INTO public.person VALUES (976, 'Jason Statham', '/pXGSq2UpcDE2NMF8LR56QZf5U1q.jpg');
INSERT INTO public.person VALUES (1336, 'Jet Li', '/c4s8INzU0ZAujCQ1YmphCmcsNzl.jpg');
INSERT INTO public.person VALUES (16644, 'Dolph Lundgren', '/fB1tOws6Gav0xE8LYlELEb82hJt.jpg');
INSERT INTO public.person VALUES (21315, 'Eric Roberts', '/NiWg1TaUcal7xn1ZQeyA2dLd5F.jpg');
INSERT INTO public.person VALUES (74748, 'Randy Couture', '/pmdPaQBWufFVwVxJYofLcERZr1l.jpg');
INSERT INTO public.person VALUES (77120, 'Steve Austin', '/xLc81J33tXrzlMjEFxBTKP4kgO0.jpg');
INSERT INTO public.person VALUES (22821, 'David Zayas', '/w1E8n9gl2HcZEhfBOXdVzMvIlzg.jpg');
INSERT INTO public.person VALUES (99414, 'Giselle Itié', '/kuCY9tKWn6J1R5SMuChfIZsrfEl.jpg');
INSERT INTO public.person VALUES (579211, 'Damien Bonnard', '/jZLowoW3gGxKbrscwZintPBsQR5.jpg');
INSERT INTO public.person VALUES (1710851, 'Alexis Manenti', '/n9YW0FkKhxlwMhFQz3U2OokuWFZ.jpg');
INSERT INTO public.person VALUES (1768054, 'Djebril Zonga', '/iKkuRuxfqFrqLHZm6CVPAAqE30k.jpg');
INSERT INTO public.person VALUES (1170608, 'Steve Tientcheu', '/zhKrlGuSLuRPg8Jev18k5z7SHwE.jpg');
INSERT INTO public.person VALUES (77191, 'Jeanne Balibar', '/nvy943Oez5Grrulv3FzLjzN8OSM.jpg');
INSERT INTO public.person VALUES (2427680, 'Issa Perica', '/h7MfO9Isowncz9G9YiKxcUfF1zy.jpg');
INSERT INTO public.person VALUES (2427681, 'Al-Hassan Ly', '/daKdcwb841MlCcwAEpckxtetgQp.jpg');
INSERT INTO public.person VALUES (1778153, 'Almamy Kanoute', '/bZ6ZNAMds9Vmvw3b3Am5wkEwPZs.jpg');
INSERT INTO public.person VALUES (2427682, 'Nizar Ben Fatma', '/coBRX1aN42j5n3ulNQ3oiJKD3VA.jpg');
INSERT INTO public.person VALUES (144817, 'Ladj Ly', '/tgnOzjBHSGwIXAcG3tHvzggNCGJ.jpg');
INSERT INTO public.person VALUES (6968, 'Hugh Jackman', '/oX6CpXmnXCHLyqsa4NEed1DZAKx.jpg');
INSERT INTO public.person VALUES (49, 'Maria Bello', '/it1f5mxiGIWO0DzTBfwtLTjphZb.jpg');
INSERT INTO public.person VALUES (6832, 'Melissa Leo', '/ueAIX0MH68xCei3N8vFLS0EUEjY.jpg');
INSERT INTO public.person VALUES (112476, 'Dylan Minnette', '/acjK192xObchDXIHv17OjE5FkK0.jpg');
INSERT INTO public.person VALUES (587036, 'Zoë Soul', '/6gOYJPZevqSYP5MKxUl2f0B0zZY.jpg');
INSERT INTO public.person VALUES (18864, 'Tom McGrath', '/83lSBvaRShYObPvhE89UDUkUfWo.jpg');
INSERT INTO public.person VALUES (12098, 'Chris Miller', '/qKdbhP9amIRlydcoivWlTx3szuS.jpg');
INSERT INTO public.person VALUES (12097, 'Christopher Knights', '/fsdaXx2ytNx2KEW438mlFfSSzkc.jpg');
INSERT INTO public.person VALUES (12080, 'Conrad Vernon', '/2fhutx4eTBE6UR3eIRfYozKsUjk.jpg');
INSERT INTO public.person VALUES (6949, 'John Malkovich', '/7GoOdGNc4ra1L0F5nJTkmIB37iu.jpg');
INSERT INTO public.person VALUES (71580, 'Benedict Cumberbatch', '/wz3MRiMmoz6b5X3oSzMRC9nLxY1.jpg');
INSERT INTO public.person VALUES (83586, 'Ken Jeong', '/dfuDZ2m2A8nBb0TdyeqmlPOobJA.jpg');
INSERT INTO public.person VALUES (1257563, 'Annet Mahendru', '/kEeokLN5vJsOdKSEFaN36qlzCRa.jpg');
INSERT INTO public.person VALUES (53, 'Peter Stormare', '/1rtpuUqBV29jDc1huUhtjGDbEwn.jpg');
INSERT INTO public.person VALUES (44114, 'Simon J. Smith', '/puCP7MQ8Gm9aKGcQiOcLiKIKcpJ.jpg');
INSERT INTO public.person VALUES (18863, 'Eric Darnell', '/l3yiLuFKqpPlDGWH0kKA0X1jZKM.jpg');
INSERT INTO public.person VALUES (569, 'Ethan Hawke', '/oojD9jSshvUT4t6AUySsBxoekHk.jpg');
INSERT INTO public.person VALUES (25002, 'Lee Byung-hun', '/j7SUd9Qi8iOxgrQGb3nQyEYcXur.jpg');
INSERT INTO public.person VALUES (1168097, 'Manuel Garcia-Rulfo', '/54Rk1hKfNdNKGHQMnONDGmNtUv3.jpg');
INSERT INTO public.person VALUES (1584347, 'Martin Sensmeier', '/d25Mx8thmbgQWHR35S5s6MxjsCc.jpg');
INSERT INTO public.person VALUES (133, 'Peter Sarsgaard', '/5UANyM4co2nwYPgSEmGeNlZRm7V.jpg');
INSERT INTO public.person VALUES (58754, 'Haley Bennett', '/8HRgGypSwHeI27ffmcAELNoxIOw.jpg');
INSERT INTO public.person VALUES (20907, 'Antoine Fuqua', '/h58HRBCQOtWIR8zMqOIVgkHjssU.jpg');
INSERT INTO public.person VALUES (62, 'Bruce Willis', '/w3aXr1e7gQCn8MSp1vW4sXHn99P.jpg');
INSERT INTO public.person VALUES (56731, 'Jessica Alba', '/jCImuXo4TqdWeIs4Hc2tO0U28LV.jpg');
INSERT INTO public.person VALUES (2295, 'Mickey Rourke', '/i6vXukUwRsJa7S9yhZgoKt9xLDv.jpg');
INSERT INTO public.person VALUES (1121, 'Benicio del Toro', '/aYomJWx0B2B8ra6Rmgt8lr0XCrw.jpg');
INSERT INTO public.person VALUES (6279, 'Alexis Bledel', '/1aa3qnQNMxflBuQZD7F09qFXxKN.jpg');
INSERT INTO public.person VALUES (147, 'Michael Madsen', '/fvr2EXEPrVwsF2JlfRp0Olbj4g8.jpg');
INSERT INTO public.person VALUES (6280, 'Powers Boothe', '/xj3DBMqnEnyYfHEBcRHOxlpbQS4.jpg');
INSERT INTO public.person VALUES (2294, 'Robert Rodriguez', '/bPqRdLWWwpOT8sBdj9PWOzNgwou.jpg');
INSERT INTO public.person VALUES (2293, 'Frank Miller', '/eFi56Bo2Hm0JR9MYTA1dJ4MKypu.jpg');
INSERT INTO public.person VALUES (139, 'Uma Thurman', '/sBgAZWi3o4FsnaTvnTNtK6jpQcF.jpg');
INSERT INTO public.person VALUES (9642, 'Jude Law', '/1rTmD8B1YAE1MrrBJs4krIiIvNM.jpg');
INSERT INTO public.person VALUES (1903, 'Alan Arkin', '/lTMMpkqL0G3WeFNfbtdP5COZEiX.jpg');
INSERT INTO public.person VALUES (11628, 'Loren Dean', '/kkWuneJSgPLvNYknj30yqxdfIBr.jpg');
INSERT INTO public.person VALUES (11626, 'Gore Vidal', '/vHIIjpltpM9StRYmjjM7liAObuZ.jpg');
INSERT INTO public.person VALUES (7502, 'Ernest Borgnine', '/vlq94UdNfjLnd9DAkKC94vKLfJJ.jpg');
INSERT INTO public.person VALUES (56871, 'Blair Underwood', '/3e6my8gZYS3L2OP4ZTN1psQDYIT.jpg');
INSERT INTO public.person VALUES (8685, 'Andrew Niccol', '/jTNhskoCvZsLqZwk5CFIrMpCftx.jpg');
INSERT INTO public.person VALUES (1245, 'Scarlett Johansson', '/6bBCPmc55gzP7TR9Th4WbykrYd0.jpg');
INSERT INTO public.person VALUES (80860, 'Jonathan Bailey', '/i9m6JsYKQot3kbMMFsvbEuFarvq.jpg');
INSERT INTO public.person VALUES (36669, 'Rupert Friend', '/a3HeMHmlXnoRlHLX9h31ZdZgCXM.jpg');
INSERT INTO public.person VALUES (1362844, 'Luna Blaise', '/y4GIzipFLyC90WcA27XRrokggYR.jpg');
INSERT INTO public.person VALUES (2525701, 'David Iacono', '/3QTinnl70cvU3a22fLKCLk4Wpbx.jpg');
INSERT INTO public.person VALUES (3673493, 'Audrina Miranda', '/nkKWtafw6r7ekbjbHr3AmKNlybZ.jpg');
INSERT INTO public.person VALUES (2496534, 'Philippine Velge', '/gqTkAEIlcDisOnfuyusqZtBb1IG.jpg');
INSERT INTO public.person VALUES (17838, 'Rami Malek', '/mESIaMPIPxtyWDQ6DAChUBobOp5.jpg');
INSERT INTO public.person VALUES (335, 'Michael Shannon', '/6mMczfjM8CiS1WuBOgo5Xom1TcR.jpg');
INSERT INTO public.person VALUES (3477880, 'Leo Woodall', '/aurLg09FobKlhY3fNLg2xyiNBaZ.jpg');
INSERT INTO public.person VALUES (21134, 'John Slattery', '/tm7g84OWD5gQRoyfG4hduBphP1j.jpg');
INSERT INTO public.person VALUES (20766, 'Richard E. Grant', '/6UXv8E4WWvRCKMQx1FQ0FJVyu0a.jpg');
INSERT INTO public.person VALUES (3492, 'Colin Hanks', '/zi7f3V39eyEeSaxvYAq8zaXMjok.jpg');
INSERT INTO public.person VALUES (225411, 'Mark O''Brien', '/8ckgltvlife4BBJcBpHEQWXfQ9p.jpg');
INSERT INTO public.person VALUES (133931, 'Lotte Verbeek', '/aLZXflxdMqBO7jejTuYnqGmA4yW.jpg');
INSERT INTO public.person VALUES (20204, 'James Vanderbilt', '/pg4kZ7a3GDoSqmuF8Tmw4jw5L6N.jpg');
INSERT INTO public.person VALUES (31, 'Tom Hanks', '/oFvZoKI6lvU03n4YoNGAll9rkas.jpg');
INSERT INTO public.person VALUES (40900, 'Mark Rylance', '/bztEZRyXrvW3Pg1fexNASXlZrq7.jpg');
INSERT INTO public.person VALUES (39388, 'Amy Ryan', '/bItqd1QUNpdegjBXNaVuFFPEZU4.jpg');
INSERT INTO public.person VALUES (8197, 'Sebastian Koch', '/4YFk0qauux4jn68mvIfd5EEtG2v.jpg');
INSERT INTO public.person VALUES (141034, 'Billy Magnussen', '/ugyx7Wn2uAWsNlR5eX4yWFsGV2Y.jpg');
INSERT INTO public.person VALUES (1371012, 'Michael Simon Hall', '/8IOOq3YxYILghwnl0FyQPbVdTtC.jpg');
INSERT INTO public.person VALUES (91453, 'Edward James Hyland', '/8B0SKLTuvRgniMpgioW2LibLEcH.jpg');
INSERT INTO public.person VALUES (18050, 'Elle Fanning', '/ucC5faqfEYVhoC25M6Hi3znZmab.jpg');
INSERT INTO public.person VALUES (3223391, 'Dimitrius Schuster-Koloamatangi', '/rmIZTT1AZK3C9fYhEOtGKtSrF8E.jpg');
INSERT INTO public.person VALUES (1891826, 'Ravi Narayan', '/iM9dr3AjXTt7IGpRzZlQVG7hINa.jpg');
INSERT INTO public.person VALUES (2253146, 'Michael Homick', '/a7IFYVtmNvBMJ7c20BVMc0LX6PT.jpg');
INSERT INTO public.person VALUES (1636658, 'Stefan Grube', '/7SJ13Np7xL20YJjPiUbM7PshdYA.jpg');
INSERT INTO public.person VALUES (1440649, 'Reuben De Jong', '/opjLobu1AKKspKfYzY6AXrjUglt.jpg');
INSERT INTO public.person VALUES (1856011, 'Cameron Brown', '/jLEKQbppMDHeiFX23bxrcmT5dmh.jpg');
INSERT INTO public.person VALUES (1257565, 'Alison Wright', '/yVdCk5eWk5syRrBdxjrnJ1O2Rpg.jpg');
INSERT INTO public.person VALUES (1179419, 'Matt Duffer', '/kXO5CnSxC0znMAICGxnPeuGP73U.jpg');
INSERT INTO public.person VALUES (4756, 'Matthew Broderick', '/papqFgpyroZJEqd7WvuNGN8ti2k.jpg');
INSERT INTO public.person VALUES (2394, 'Alan Ruck', '/hj7CuWinT12hMKjRhSO4XEMVq7w.jpg');
INSERT INTO public.person VALUES (29091, 'Mia Sara', '/gF1hYh0Rw5qCryiwGAWDdmiLufc.jpg');
INSERT INTO public.person VALUES (4004, 'Jeffrey Jones', '/2vlQDwmMlAAEKqdFIey0liR0T1E.jpg');
INSERT INTO public.person VALUES (722, 'Jennifer Grey', '/6F8nkespn4z9ZnGHQaVHL0IVm2L.jpg');
INSERT INTO public.person VALUES (74276, 'Cindy Pickett', '/oZMzCxIIv0od25webjx8Z6foNjR.jpg');
INSERT INTO public.person VALUES (90198, 'Lyman Ward', '/zFBlLLgbLLDcEf7SvXlJCVPpg3V.jpg');
INSERT INTO public.person VALUES (3202, 'Edie McClurg', '/vU5y4hZe1WhqDAPP5jEfrWv4Iaq.jpg');
INSERT INTO public.person VALUES (6952, 'Charlie Sheen', '/48GB5aISoibd9IYXBO40jrSgFRl.jpg');
INSERT INTO public.person VALUES (11505, 'John Hughes', '/7QBh9D3Qjf667Q549VeJAAV7O38.jpg');
INSERT INTO public.person VALUES (117642, 'Jason Momoa', '/3troAR6QbSb6nUFMDu61YCCWLKa.jpg');
INSERT INTO public.person VALUES (1640, 'Stellan Skarsgård', '/mW7xmtGV4y79kQGn0zkKVGDMAmw.jpg');
INSERT INTO public.person VALUES (195666, 'Sharon Duncan-Brewster', '/gp5h6rOrqBrIGgID4AMd58O6Ow6.jpg');
INSERT INTO public.person VALUES (14416, 'Robert Hays', '/pqu0hSAdHGItjP0iqkbTg4Ocv9w.jpg');
INSERT INTO public.person VALUES (14415, 'Julie Hagerty', '/bQZ0bcFNyE4a3GDNfYMmfO7eWMl.jpg');
INSERT INTO public.person VALUES (7633, 'Leslie Nielsen', '/u5vWl5dw69Nf89f905Qb5JqEVL3.jpg');
INSERT INTO public.person VALUES (14414, 'Kareem Abdul-Jabbar', '/aMbhI6nWjU3MkUhw9IIKnJz7UiX.jpg');
INSERT INTO public.person VALUES (2177, 'Lloyd Bridges', '/lO4HWxYvneC0dMFckK2WrKPZa9o.jpg');
INSERT INTO public.person VALUES (9111, 'Peter Graves', '/ySLwIT6L9mWIjFcCagmNENQGq7J.jpg');
INSERT INTO public.person VALUES (2493, 'Robert Stack', '/f1MchlCMVc4LDWEALsodZHPkbIu.jpg');
INSERT INTO public.person VALUES (14418, 'Lorna Patterson', '/jQZxAev2Pb6LMPrHvwBsb7ZZQr4.jpg');
INSERT INTO public.person VALUES (173263, 'Jill Whelan', '/3CFH6qxisnnJsL12wEiEAvPiQUU.jpg');
INSERT INTO public.person VALUES (12936, 'Jim Abrahams', '/22B24mvWEkorhoxEOPCxNcYdcTX.jpg');
INSERT INTO public.person VALUES (3415, 'Jerry Zucker', '/iSzdnge16GBKLkBoTM4mqUIWIxi.jpg');
INSERT INTO public.person VALUES (12987, 'David Zucker', '/13iJccfZeC0X9WZgJnlI7ZphL7l.jpg');
INSERT INTO public.person VALUES (116, 'Keira Knightley', '/bRC1B2VwV0wK3ElciFAK6QZf2wD.jpg');
INSERT INTO public.person VALUES (1247, 'Matthew Goode', '/3XaKKl0bKswTWbJ0Lh9nZ4UdAQo.jpg');
INSERT INTO public.person VALUES (139549, 'Rory Kinnear', '/8aEABMeHXOozwE5DrMxUlCM9mpG.jpg');
INSERT INTO public.person VALUES (85718, 'Allen Leech', '/cJZSyKNUKwdNPEgkt2ocXohtUBH.jpg');
INSERT INTO public.person VALUES (213394, 'Matthew Beard', '/qbFEcaQLnE0bU8xutnsmYzKrjn0.jpg');
INSERT INTO public.person VALUES (4391, 'Charles Dance', '/3xHwq5lchAI6mfW0aGQOEijexv6.jpg');
INSERT INTO public.person VALUES (2983, 'Mark Strong', '/3cNmatYsoifytg7TfQhI1EHow3v.jpg');
INSERT INTO public.person VALUES (1362119, 'James Northcote', '/7eON5XLEGFseOWhSXDh7h5JsF9H.jpg');
INSERT INTO public.person VALUES (77965, 'Morten Tyldum', '/yTAUscziHY7mVGQ2BdBCflGYLde.jpg');
INSERT INTO public.person VALUES (135651, 'Michael B. Jordan', '/sMBpav8cK7t7Nk0yf4tuNOqNUyW.jpg');
INSERT INTO public.person VALUES (4688032, 'Miles Caton', '/yff2DK1Sc2baRGHbSfcmwMwX8HW.jpg');
INSERT INTO public.person VALUES (85065, 'Jack O''Connell', '/tCzR4clrIkbkijuJBYsNoEuwRDa.jpg');
INSERT INTO public.person VALUES (134774, 'Wunmi Mosaku', '/mWDsVCo9sBcekrsjUTsoCFLhtYt.jpg');
INSERT INTO public.person VALUES (2455272, 'Jayme Lawson', '/1PQmquJ3LRnTnUnut0UZBLZuBuO.jpg');
INSERT INTO public.person VALUES (334, 'Omar Benson Miller', '/adlrkEpxDIcpxF7bpzMGErLxeHP.jpg');
INSERT INTO public.person VALUES (18792, 'Delroy Lindo', '/kLwUBBmEIdchrLqwsYzgLB2B6q5.jpg');
INSERT INTO public.person VALUES (1321015, 'Li Jun Li', '/y8hAcbThfxkrSRWhuXl9TsYAggP.jpg');
INSERT INTO public.person VALUES (1056121, 'Ryan Coogler', '/dux4DCDaL6c639DTXGiV7nm1wcN.jpg');
INSERT INTO public.person VALUES (8536, 'Victor Garber', '/FdhXl8qxsKgj22Ip99SRM9jUx1.jpg');
INSERT INTO public.person VALUES (19498, 'Jon Bernthal', '/o0t6EVkJOrFAjESDilZUlf46IbQ.jpg');
INSERT INTO public.person VALUES (52886, 'Jeffrey Donovan', '/wlDXfXpu6Uz32LUmbFzU8QPDoQH.jpg');
INSERT INTO public.person VALUES (17688, 'Raoul Max Trujillo', '/dIfHIt1pgnYW9oCksc0DdoY5Mt5.jpg');
INSERT INTO public.person VALUES (36634, 'Julio Cesar Cedillo', '/aKyBRL6rbRJiKOyltw7IMwBBXQq.jpg');
INSERT INTO public.person VALUES (2229, 'Catherine Keener', '/n4CTwGszs6cwS1wJRlDQ5Mlh7Ex.jpg');
INSERT INTO public.person VALUES (8654, 'Matthew Modine', '/z974QEHL12qUvLyk6hlWGAmDgom.jpg');
INSERT INTO public.person VALUES (74242, 'Shea Whigham', '/d3caK3l4UfbnzOxv95wLoFLZzMO.jpg');
INSERT INTO public.person VALUES (1468612, 'Elijah Rodriguez', '/mktEdTn775j5xMu8Py2A38U70L3.jpg');
INSERT INTO public.person VALUES (932533, 'Stefano Sollima', '/rBzkokpZQS0XwgtMuskY07RByHu.jpg');
INSERT INTO public.person VALUES (13525, 'Matt Craven', '/tWF8B3Dj7zvKRmkTplp7ice6Wo9.jpg');
INSERT INTO public.person VALUES (10477, 'George Dzundza', '/wmnQQn0dFygl90M2N8tlWlpGHzV.jpg');
INSERT INTO public.person VALUES (4691, 'James Gandolfini', '/aGuUi3odvvbkqvKR9nvaa7BJydc.jpg');
INSERT INTO public.person VALUES (27448, 'Rocky Carroll', '/pqjqmRChGqhDXXY7Etka3bmOatN.jpg');
INSERT INTO public.person VALUES (113387, 'Jaime Gomez', '/j7pTqqYGuQTAgcP393TQBwxwPi2.jpg');
INSERT INTO public.person VALUES (154295, 'Michael Milhoan', '/oTXRBzb8KUGC2TXtXEIheGjBANG.jpg');
INSERT INTO public.person VALUES (893, 'Tony Scott', '/5PYRgW97xk9iNVC8dS0seoIliRR.jpg');
INSERT INTO public.person VALUES (2326151, 'Paul Mescal', '/vrzZ41TGNAFgfmZjC2sOJySzBLd.jpg');
INSERT INTO public.person VALUES (1253360, 'Pedro Pascal', '/9VYK7oxcqhjd5LAH6ZFJ3XzOlID.jpg');
INSERT INTO public.person VALUES (1597365, 'Joseph Quinn', '/zshhuioZaH8S5ZKdMcojzWi1ntl.jpg');
INSERT INTO public.person VALUES (2099497, 'Fred Hechinger', '/nxQfwTWev2VzQJDdKHixPvwXiZS.jpg');
INSERT INTO public.person VALUES (1259880, 'Lior Raz', '/bl3KLFUQ4Q0zC9lCU4qP1Jf4qHS.jpg');
INSERT INTO public.person VALUES (68278, 'Peter Mensah', '/72L6LbeF5ZqRdLmhibNqysQNQRg.jpg');
INSERT INTO public.person VALUES (4238, 'Common', '/eggJAnJxpn8wYraX7ea5svETB54.jpg');
INSERT INTO public.person VALUES (59270, 'Riccardo Scamarcio', '/s3ZAW6QA6yZaOx9wmAZfGZ1Z8BP.jpg');
INSERT INTO public.person VALUES (1246972, 'Ruby Rose', '/djhT0A2hZxpYKPnCeRtim8qUdPi.jpg');
INSERT INTO public.person VALUES (129101, 'Lance Reddick', '/22mVtEXZbpt0J7S0LhIhdkfRrZV.jpg');
INSERT INTO public.person VALUES (18354, 'Bridget Moynahan', '/7WuwRCcwtBmJZ64pNsLbwhQCEA4.jpg');
INSERT INTO public.person VALUES (22383, 'Franco Nero', '/4npNlt6KfUKxpTLV7DTlmR7m9U7.jpg');
INSERT INTO public.person VALUES (40644, 'Chad Stahelski', '/eRCryGwKDH4XqUlrdkERmeBWPo8.jpg');
INSERT INTO public.person VALUES (16828, 'Chris Evans', '/3bOGNsHlrswhyW79uvIHH1V43JI.jpg');
INSERT INTO public.person VALUES (21198, 'Peter Sohn', '/8cQGViF2lXlcsAIvFUMWboXYXIu.jpg');
INSERT INTO public.person VALUES (55934, 'Taika Waititi', '/ww6L2ksfJNMbuiIdDuvVKndUHsv.jpg');
INSERT INTO public.person VALUES (1102500, 'Dale Soules', '/d7tNFF8AnYexraYWmpSRFkQNE6n.jpg');
INSERT INTO public.person VALUES (9274, 'James Brolin', '/mdkmgcWySHNNQRJcPhtKqH9hCIE.jpg');
INSERT INTO public.person VALUES (1332680, 'Uzo Aduba', '/VXzHXOKBTAcNmhAHHYPiNmhxwF.jpg');
INSERT INTO public.person VALUES (1537978, 'Mary McDonald-Lewis', '/khDqtIlmHwqeImLEB1oezxLHvmi.jpg');
INSERT INTO public.person VALUES (17490, 'Isiah Whitlock Jr.', '/8OIhQb53rMX7VcTLZbAMeVd7tHc.jpg');
INSERT INTO public.person VALUES (7929, 'Angus MacLane', '/hSdzAk70cHvxvOFvZn8qiNnZPoZ.jpg');
INSERT INTO public.person VALUES (17604, 'Jeremy Renner', '/yB84D1neTYXfWBaV0QOE9RF2VCu.jpg');
INSERT INTO public.person VALUES (21629, 'Tzi Ma', '/x4fz0LCIiBNGdil3nBYO22W7QJ0.jpg');
INSERT INTO public.person VALUES (1646444, 'Abigail Pniowsky', '/eFjFSNghr04PT6eBHzqLCvCUiXm.jpg');
INSERT INTO public.person VALUES (1522166, 'Julia Scarlett Dan', '/5keIOToJhdil2uaTOXq5JX4e3OR.jpg');
INSERT INTO public.person VALUES (1646448, 'Jadyn Malone', '/pVcseEB0gNjmkGRbvmnV8XAsPae.jpg');
INSERT INTO public.person VALUES (2047, 'Danny Glover', '/2PJbpI9AyuhG4SWUIDxZwuBnuMb.jpg');
INSERT INTO public.person VALUES (5293, 'Willem Dafoe', '/ui8e4sgZAwMPi3hzEO53jyBJF9B.jpg');
INSERT INTO public.person VALUES (36067, 'Brad Johnson', '/jw7MmA6mCMAQUivF7NDCoVmBbCe.jpg');
INSERT INTO public.person VALUES (2165, 'Rosanna Arquette', '/qfS5G5VHW2gz2sYGDhIYRBoy3vY.jpg');
INSERT INTO public.person VALUES (3197, 'Tom Sizemore', '/soINOuacuiThRb2LyPD4tTWve7C.jpg');
INSERT INTO public.person VALUES (97944, 'J. Kenneth Campbell', '/kSMHA2TMWWJc1GGpdud8abVZbGA.jpg');
INSERT INTO public.person VALUES (1566830, 'Jared Chandler', '/xqhwdRitSMzE5hPjxRC8WVr7li0.jpg');
INSERT INTO public.person VALUES (9175, 'Dann Florek', NULL);
INSERT INTO public.person VALUES (118756, 'Madison Mason', '/xzEd6zZwRgNbZFfoqrNCIHtEW7d.jpg');
INSERT INTO public.person VALUES (8328, 'John Milius', '/5e9PS8MtgEqpSAeqgUp7gaVU0gU.jpg');
INSERT INTO public.person VALUES (2888, 'Will Smith', '/8TlKqbXYgHmmaEoPBJ7djJ8Rxxa.jpg');
INSERT INTO public.person VALUES (2505, 'James Cromwell', '/17AIez58rJyk7EzU5a9L2r6Tn3u.jpg');
INSERT INTO public.person VALUES (21089, 'Bruce Greenwood', '/AmfylDaijUHq8cHMq002xfkW7Vk.jpg');
INSERT INTO public.person VALUES (21090, 'Adrian Ricard', '/jSJnNUVNHXfxU2u27wRN7fnIsos.jpg');
INSERT INTO public.person VALUES (8687, 'Chi McBride', '/cesCeJZ5gSywA9lTYReB5uhkfek.jpg');
INSERT INTO public.person VALUES (21091, 'Jerry Wasserman', '/sDxJx0ijIuI0Hfwq4KL5kVfAiBN.jpg');
INSERT INTO public.person VALUES (21092, 'Fiona Hogan', '/x5l6bARorJJcG366LnsN9ir9UQO.jpg');
INSERT INTO public.person VALUES (21085, 'Alex Proyas', '/mO9l5kK98stC34jRuvFOWQtpC8l.jpg');
INSERT INTO public.person VALUES (18054, 'Rinko Kikuchi', '/lv4UuorZtC37VaFAHO205u4lS73.jpg');
INSERT INTO public.person VALUES (17605, 'Idris Elba', '/be1bVF7qGX91a6c5WeRPs5pKXln.jpg');
INSERT INTO public.person VALUES (94864, 'Max Martini', '/gehOxb2cgNjcRnbAxaCUnFFJvAY.jpg');
INSERT INTO public.person VALUES (5365, 'Clifton Collins Jr.', '/iUQGHVSAA48q1QMnj7hnBFVq3jK.jpg');
INSERT INTO public.person VALUES (95101, 'Charlie Day', '/c0HNhjChGybnHa4eoLyqO4dDu1j.jpg');
INSERT INTO public.person VALUES (39659, 'Burn Gorman', '/udgACYWqCSuu6nvtrSjmyU28B0V.jpg');
INSERT INTO public.person VALUES (1038379, 'Robert Kazinsky', '/nYWfalUgOSnc8VLIrFMnBwmI1QG.jpg');
INSERT INTO public.person VALUES (10828, 'Guillermo del Toro', '/gldeyCtKcaqnK1v4Vu9vqayhzUQ.jpg');
INSERT INTO public.person VALUES (75913, 'Ha Jung-woo', '/9KINm0XIwbt4Qql4oZX55krzKxg.jpg');
INSERT INTO public.person VALUES (63442, 'Cha Tae-hyun', '/tD2ywz0ddvUHZzMApo7ysWfLLSY.jpg');
INSERT INTO public.person VALUES (150125, 'Ju Ji-hoon', '/7PYfUrBBXhYv5PIsTalJhjbRteg.jpg');
INSERT INTO public.person VALUES (1128106, 'Kim Hyang-gi', '/fjxmH4T3JAVVNvGkBHVwpqE0JZo.jpg');
INSERT INTO public.person VALUES (73249, 'Lee Jung-jae', '/lx8oiTXL9lIx78KOXlrlvNfoz43.jpg');
INSERT INTO public.person VALUES (118976, 'Kim Dong-wook', '/zN4UoEuFIbjuzkgvtvQtziG7Rtq.jpg');
INSERT INTO public.person VALUES (1351055, 'Ye Su-jeong', '/rwGPhu8Ge36eMkrOlzfdKKFargw.jpg');
INSERT INTO public.person VALUES (77188, 'Oh Dal-su', '/hd72oGjq0YKYdgZKMnqtV00MV28.jpg');
INSERT INTO public.person VALUES (1004565, 'Im Won-hee', '/mZg4KkrhwNnH8gVL9c3yqHcbefR.jpg');
INSERT INTO public.person VALUES (84969, 'Kim Yong-hwa', '/7Y7v7kInxRFLYYr6zNib8E3CcXR.jpg');
INSERT INTO public.person VALUES (4165, 'John Wayne', '/4VmiGmCwSnratHtYmT2AyXrdQ64.jpg');
INSERT INTO public.person VALUES (854, 'James Stewart', '/jam9DRhOuKomlr0vUXTamPoxPdk.jpg');
INSERT INTO public.person VALUES (7303, 'Vera Miles', '/9PDTsJnBfrAlvVPOBBFS3ehN8lD.jpg');
INSERT INTO public.person VALUES (18391, 'Lee Marvin', '/bXVCrjGbGhPg6mgDi9OIrp5jK9b.jpg');
INSERT INTO public.person VALUES (8254, 'Edmond O''Brien', '/wnB6xci7TzrEHwDYMvLSgY76qie.jpg');
INSERT INTO public.person VALUES (14966, 'Andy Devine', '/rBCv7cszfbo2dkQbGxxff9xTppL.jpg');
INSERT INTO public.person VALUES (176543, 'Ken Murray', '/rOLQKIaEQ5demTbFkc4dUJgn6do.jpg');
INSERT INTO public.person VALUES (8516, 'John Carradine', '/hv2AAXNlTHVmGgXn8q7025S0g2b.jpg');
INSERT INTO public.person VALUES (7520, 'Jeanette Nolan', '/wb9G3heeItXTpXqPy4HlNDMJWrE.jpg');
INSERT INTO public.person VALUES (8500, 'John Ford', '/ffgVJWV8pDomSdTkjOqdrwMX9G6.jpg');
INSERT INTO public.person VALUES (6194, 'Claire Danes', '/vTKKniIwbXWMmnuMmGKHYS41Vif.jpg');
INSERT INTO public.person VALUES (518, 'Danny DeVito', '/6kO4IN7ndoIGw2JhyhAQN3SFmdx.jpg');
INSERT INTO public.person VALUES (10127, 'Jon Voight', '/oxLsItDwLddXu8YYJCfkddYNejL.jpg');
INSERT INTO public.person VALUES (5960, 'Mary Kay Place', '/zj5ClXZyXrlEUXODXi7Sabsj1DX.jpg');
INSERT INTO public.person VALUES (923, 'Dean Stockwell', '/gdHo8LNElMf1XxoRYgi0UUzbJuB.jpg');
INSERT INTO public.person VALUES (12519, 'Virginia Madsen', '/2u72BF7i189nAcX1kEJLjGMsb0c.jpg');
INSERT INTO public.person VALUES (1776, 'Francis Ford Coppola', '/IwGgkmW6IoJ9vuNF0T9CU3FYUX.jpg');
INSERT INTO public.person VALUES (85, 'Johnny Depp', '/k2xt6EUxQDwYRKIyI4IBdZxfs8n.jpg');
INSERT INTO public.person VALUES (118, 'Geoffrey Rush', '/npXFjaFQzBNroCEPllGPTZ5IisA.jpg');
INSERT INTO public.person VALUES (114, 'Orlando Bloom', '/lwQoA0qJTCZ6l2FH6PjmhRQjiaB.jpg');
INSERT INTO public.person VALUES (1709, 'Jack Davenport', '/shGH0YWJBfiJznidS0f2ZfN056c.jpg');
INSERT INTO public.person VALUES (378, 'Jonathan Pryce', '/zwSv5uXzPTtmitFe39UdqnVwmdL.jpg');
INSERT INTO public.person VALUES (1710, 'Lee Arenberg', '/sjv8tdXzLwC8lZi6Ou6i6z5RbrW.jpg');
INSERT INTO public.person VALUES (1711, 'Mackenzie Crook', '/lN96i9ez4FUrQgpYdLMYr0l3Ggy.jpg');
INSERT INTO public.person VALUES (1712, 'Damian O''Hare', '/bO6TMDYluACYKy7zWEloym1SUa5.jpg');
INSERT INTO public.person VALUES (1704, 'Gore Verbinski', '/rSQRdmLNAwdKxrtvBSSlBmWeSsj.jpg');
INSERT INTO public.person VALUES (3084, 'Marlon Brando', '/eEHCjqKMWSvQU4bmwhLMsg4RtEr.jpg');
INSERT INTO public.person VALUES (1158, 'Al Pacino', '/m8HAAjq1T75JypKk0v1FFQn4ysZ.jpg');
INSERT INTO public.person VALUES (3085, 'James Caan', '/z2Lz3rtxZ7aJjzBUkCnExvo8stn.jpg');
INSERT INTO public.person VALUES (3087, 'Robert Duvall', '/3tcKxC5Sc3DJ6XPDKKC2EAomEWn.jpg');
INSERT INTO public.person VALUES (3086, 'Richard S. Castellano', '/1vr75BdHWret81vuSJ3ugiCBkxw.jpg');
INSERT INTO public.person VALUES (3095, 'Gianni Russo', '/jfeGnQfXMzKXsuSPm9oTxm6FOuz.jpg');
INSERT INTO public.person VALUES (3088, 'Sterling Hayden', '/dCTe6BsGSp9QTcva2Pz4wbxxYMY.jpg');
INSERT INTO public.person VALUES (380, 'Robert De Niro', '/cT8htcckIuyI1Lqwt1CvD02ynTh.jpg');
INSERT INTO public.person VALUES (3096, 'John Cazale', '/7uKBc2BVbLlAiHuSdfioe1OUnCX.jpg');
INSERT INTO public.person VALUES (3171, 'Lee Strasberg', '/niSM7ejzddgaTcxjgJMYEFCr9Y2.jpg');
INSERT INTO public.person VALUES (3172, 'Michael V. Gazzo', '/g9QvAnjOxC9S1MQnBymMwOUX7q9.jpg');
INSERT INTO public.person VALUES (3173, 'G.D. Spradlin', '/pWNa9H3ABB3Ug9CwTfVNtHsCFjV.jpg');
INSERT INTO public.person VALUES (12950, 'George Kennedy', '/fIVmcPEcPmh0Rbx4mYf9aneCmDe.jpg');
INSERT INTO public.person VALUES (8962, 'Luke Askew', '/fZnBGTtY24YAaebGdlRA2gMeYS.jpg');
INSERT INTO public.person VALUES (13869, 'Morgan Woodward', '/upoxqlTc8GrADyxQxXIrkcZlfWf.jpg');
INSERT INTO public.person VALUES (5048, 'Harry Dean Stanton', '/9zOTpVMwMHNjPFBNoPy9vOBT1NC.jpg');
INSERT INTO public.person VALUES (2778, 'Dennis Hopper', '/hfrzsJhkX7Vphe3pVYk8lA9BNfg.jpg');
INSERT INTO public.person VALUES (13871, 'Lou Antonio', '/haFl4RA0SBghwq7uf9qpF3jbqRj.jpg');
INSERT INTO public.person VALUES (13872, 'Robert Drivas', '/bi1ivZ8DphZRk11MT614ovekmUE.jpg');
INSERT INTO public.person VALUES (8260, 'Strother Martin', '/mHJudNvMY5eoFpDZmr3Xa2rqU93.jpg');
INSERT INTO public.person VALUES (13859, 'Stuart Rosenberg', '/qjNNkjniH2Y108Ys20hfpcY90a7.jpg');
INSERT INTO public.person VALUES (17064, 'Ben Whishaw', '/sgZXPptHQLzKJknF6SKLl7HRiu8.jpg');
INSERT INTO public.person VALUES (19923, 'Hugh Bonneville', '/skbxj8MUuNiI39ZkP38uEirU0bC.jpg');
INSERT INTO public.person VALUES (39658, 'Sally Hawkins', '/1dtDq82dM2YQ17lBL4ZKPJo5LKw.jpg');
INSERT INTO public.person VALUES (1304661, 'Madeleine Harris', '/tvwnWhlM2M8RTOnnHc2wU7aE3yw.jpg');
INSERT INTO public.person VALUES (1304662, 'Samuel Joslin', '/gXthNRK0BN9IqXnhKIc4glxOB7P.jpg');
INSERT INTO public.person VALUES (477, 'Julie Walters', '/bCTkV2OUgzbJdQEoCk3GesE4DXq.jpg');
INSERT INTO public.person VALUES (2227, 'Nicole Kidman', '/4KSQDodyBtTDMaREYgMdWD1LbH1.jpg');
INSERT INTO public.person VALUES (12982, 'Peter Capaldi', '/r5bEXZBOSA89SZvv4jjqa4iSgst.jpg');
INSERT INTO public.person VALUES (101666, 'Paul King', '/vteMQaGDpNHkKcuwT8yVQNeAohV.jpg');
INSERT INTO public.person VALUES (7152, 'Sandra Hüller', '/jQfKXVCPTH9KEnzHHU4QemCnlMe.jpg');
INSERT INTO public.person VALUES (2096164, 'James Ortiz', '/zYYDXniHb36mjG7xK59r9IoOKvt.jpg');
INSERT INTO public.person VALUES (2320708, 'Lionel Boyce', '/hpIxX5nkfA3pWCW8rYkEUCSBVyS.jpg');
INSERT INTO public.person VALUES (1454946, 'Milana Vayntrub', '/i5Cou9ExwTZvRRtl79V75CsI7oC.jpg');
INSERT INTO public.person VALUES (2131, 'Ken Leung', '/hpatUP6u74gkpDRmn9voNY9V43O.jpg');
INSERT INTO public.person VALUES (3554544, 'Priya Kansara', '/zv9kpaQ8AVBfjI2LAAZV58NeVQg.jpg');
INSERT INTO public.person VALUES (1749206, 'Mia Soteriou', '/bU4Twfk4as290gPFouByj7Wjd2.jpg');
INSERT INTO public.person VALUES (3074054, 'Annelle Olaleye', '/V0UqW30EQaHjGhwDnb6dT0AWmz.jpg');
INSERT INTO public.person VALUES (107446, 'Phil Lord', '/2MagibFHZxky3FmMubyABUnf4lw.jpg');
INSERT INTO public.person VALUES (155267, 'Christopher Miller', '/dr2yCgYtmNmO5vzjk9KNbjTpbzO.jpg');
INSERT INTO public.person VALUES (1397778, 'Anya Taylor-Joy', '/qYNofOjlRke2MlJVihmJmEdQI4v.jpg');
INSERT INTO public.person VALUES (70851, 'Jack Black', '/59IhgCtiWI5yTfzPhsjzg7GjCjm.jpg');
INSERT INTO public.person VALUES (119589, 'Donald Glover', '/jqVkQfeeEmdga1G0jpBwwXXwwSK.jpg');
INSERT INTO public.person VALUES (227564, 'Benny Safdie', '/u10A5DpUYRB1zMF7YoGYcyvhois.jpg');
INSERT INTO public.person VALUES (60073, 'Brie Larson', '/rlbQbpu3tkMAikPWM53VElMUnzR.jpg');
INSERT INTO public.person VALUES (298410, 'Keegan-Michael Key', '/vAR5gVXRG2Cl6WskXT99wgkAoH8.jpg');
INSERT INTO public.person VALUES (83271, 'Glen Powell', '/fUnIaJkdgvQTztyR1nLeUceSzly.jpg');
INSERT INTO public.person VALUES (113901, 'Michael Jelenic', '/rzfpbDQ3S3lDqnyMfcGzDv0QCwZ.jpg');
INSERT INTO public.person VALUES (1719706, 'Aaron Horvath', '/6AOmWzdJas3xh0xJOk1mHPstNs2.jpg');


--
-- TOC entry 4998 (class 0 OID 25446)
-- Dependencies: 220
-- Data for Name: users; Type: TABLE DATA; Schema: public; Owner: postgres
--

INSERT INTO public.users VALUES (1, 'alfo.luna.a@gmail.com', '$2a$10$MShbt.dvbGqN09iIJBldEO4rChvH4apXDgrx2ItSgnPmnhYNCBJI.', 'usuarioprueba');


--
-- TOC entry 5020 (class 0 OID 0)
-- Dependencies: 227
-- Name: film_job_person_id_seq; Type: SEQUENCE SET; Schema: public; Owner: postgres
--

SELECT pg_catalog.setval('public.film_job_person_id_seq', 1125, true);


--
-- TOC entry 5021 (class 0 OID 0)
-- Dependencies: 230
-- Name: log_id_seq; Type: SEQUENCE SET; Schema: public; Owner: postgres
--

SELECT pg_catalog.setval('public.log_id_seq', 121, true);


--
-- TOC entry 5022 (class 0 OID 0)
-- Dependencies: 232
-- Name: movie_list_id_seq; Type: SEQUENCE SET; Schema: public; Owner: postgres
--

SELECT pg_catalog.setval('public.movie_list_id_seq', 1, false);


--
-- TOC entry 5023 (class 0 OID 0)
-- Dependencies: 235
-- Name: password_reset_id_seq; Type: SEQUENCE SET; Schema: public; Owner: postgres
--

SELECT pg_catalog.setval('public.password_reset_id_seq', 2, true);


--
-- TOC entry 5024 (class 0 OID 0)
-- Dependencies: 219
-- Name: users_id_seq; Type: SEQUENCE SET; Schema: public; Owner: postgres
--

SELECT pg_catalog.setval('public.users_id_seq', 5, true);


--
-- TOC entry 4812 (class 2606 OID 25494)
-- Name: countries countries_pkey; Type: CONSTRAINT; Schema: public; Owner: postgres
--

ALTER TABLE ONLY public.countries
    ADD CONSTRAINT countries_pkey PRIMARY KEY (code);


--
-- TOC entry 4822 (class 2606 OID 25938)
-- Name: film_countries film_countries_pkey; Type: CONSTRAINT; Schema: public; Owner: postgres
--

ALTER TABLE ONLY public.film_countries
    ADD CONSTRAINT film_countries_pkey PRIMARY KEY (film_id, country_code);


--
-- TOC entry 4824 (class 2606 OID 25945)
-- Name: film_genres film_genres_pkey; Type: CONSTRAINT; Schema: public; Owner: postgres
--

ALTER TABLE ONLY public.film_genres
    ADD CONSTRAINT film_genres_pkey PRIMARY KEY (film_id, genre_id);


--
-- TOC entry 4826 (class 2606 OID 25952)
-- Name: film_job_person film_job_person_pkey; Type: CONSTRAINT; Schema: public; Owner: postgres
--

ALTER TABLE ONLY public.film_job_person
    ADD CONSTRAINT film_job_person_pkey PRIMARY KEY (id);


--
-- TOC entry 4828 (class 2606 OID 25959)
-- Name: film_movielist film_movielist_pkey; Type: CONSTRAINT; Schema: public; Owner: postgres
--

ALTER TABLE ONLY public.film_movielist
    ADD CONSTRAINT film_movielist_pkey PRIMARY KEY (movie_list_id, film_id);


--
-- TOC entry 4820 (class 2606 OID 25931)
-- Name: film film_pkey; Type: CONSTRAINT; Schema: public; Owner: postgres
--

ALTER TABLE ONLY public.film
    ADD CONSTRAINT film_pkey PRIMARY KEY (id);


--
-- TOC entry 4814 (class 2606 OID 25527)
-- Name: genres genres_pkey; Type: CONSTRAINT; Schema: public; Owner: postgres
--

ALTER TABLE ONLY public.genres
    ADD CONSTRAINT genres_pkey PRIMARY KEY (id);


--
-- TOC entry 4818 (class 2606 OID 25629)
-- Name: job job_pkey; Type: CONSTRAINT; Schema: public; Owner: postgres
--

ALTER TABLE ONLY public.job
    ADD CONSTRAINT job_pkey PRIMARY KEY (id);


--
-- TOC entry 4830 (class 2606 OID 25970)
-- Name: log log_pkey; Type: CONSTRAINT; Schema: public; Owner: postgres
--

ALTER TABLE ONLY public.log
    ADD CONSTRAINT log_pkey PRIMARY KEY (id);


--
-- TOC entry 4832 (class 2606 OID 25979)
-- Name: movie_list movie_list_pkey; Type: CONSTRAINT; Schema: public; Owner: postgres
--

ALTER TABLE ONLY public.movie_list
    ADD CONSTRAINT movie_list_pkey PRIMARY KEY (id);


--
-- TOC entry 4836 (class 2606 OID 26064)
-- Name: password_reset password_reset_pkey; Type: CONSTRAINT; Schema: public; Owner: postgres
--

ALTER TABLE ONLY public.password_reset
    ADD CONSTRAINT password_reset_pkey PRIMARY KEY (id);


--
-- TOC entry 4834 (class 2606 OID 25987)
-- Name: person person_pkey; Type: CONSTRAINT; Schema: public; Owner: postgres
--

ALTER TABLE ONLY public.person
    ADD CONSTRAINT person_pkey PRIMARY KEY (id);


--
-- TOC entry 4816 (class 2606 OID 25540)
-- Name: genres ukpe1a9woik1k97l87cieguyhh4; Type: CONSTRAINT; Schema: public; Owner: postgres
--

ALTER TABLE ONLY public.genres
    ADD CONSTRAINT ukpe1a9woik1k97l87cieguyhh4 UNIQUE (name);


--
-- TOC entry 4808 (class 2606 OID 25897)
-- Name: users ukr43af9ap4edm43mmtq01oddj6; Type: CONSTRAINT; Schema: public; Owner: postgres
--

ALTER TABLE ONLY public.users
    ADD CONSTRAINT ukr43af9ap4edm43mmtq01oddj6 UNIQUE (username);


--
-- TOC entry 4810 (class 2606 OID 25456)
-- Name: users users_pkey; Type: CONSTRAINT; Schema: public; Owner: postgres
--

ALTER TABLE ONLY public.users
    ADD CONSTRAINT users_pkey PRIMARY KEY (id);


--
-- TOC entry 4844 (class 2606 OID 26023)
-- Name: film_movielist fk3mlvitx4ylh8x6f1kjnri82lv; Type: FK CONSTRAINT; Schema: public; Owner: postgres
--

ALTER TABLE ONLY public.film_movielist
    ADD CONSTRAINT fk3mlvitx4ylh8x6f1kjnri82lv FOREIGN KEY (film_id) REFERENCES public.film(id);


--
-- TOC entry 4848 (class 2606 OID 26043)
-- Name: movie_list fk4cfqrcyhekvlokii0vcww35bf; Type: FK CONSTRAINT; Schema: public; Owner: postgres
--

ALTER TABLE ONLY public.movie_list
    ADD CONSTRAINT fk4cfqrcyhekvlokii0vcww35bf FOREIGN KEY (user_id) REFERENCES public.users(id);


--
-- TOC entry 4841 (class 2606 OID 26018)
-- Name: film_job_person fk63l8ch3wmdxpl3tgxdx0553t9; Type: FK CONSTRAINT; Schema: public; Owner: postgres
--

ALTER TABLE ONLY public.film_job_person
    ADD CONSTRAINT fk63l8ch3wmdxpl3tgxdx0553t9 FOREIGN KEY (person_id) REFERENCES public.person(id);


--
-- TOC entry 4849 (class 2606 OID 26065)
-- Name: password_reset fk74ayk4gy7j9k9caxg9pb7k1wa; Type: FK CONSTRAINT; Schema: public; Owner: postgres
--

ALTER TABLE ONLY public.password_reset
    ADD CONSTRAINT fk74ayk4gy7j9k9caxg9pb7k1wa FOREIGN KEY (user_id) REFERENCES public.users(id);


--
-- TOC entry 4846 (class 2606 OID 26038)
-- Name: log fkefuitn33qkpy6nonixjyyu3u0; Type: FK CONSTRAINT; Schema: public; Owner: postgres
--

ALTER TABLE ONLY public.log
    ADD CONSTRAINT fkefuitn33qkpy6nonixjyyu3u0 FOREIGN KEY (user_id) REFERENCES public.users(id);


--
-- TOC entry 4845 (class 2606 OID 26028)
-- Name: film_movielist fkeos2273pouvvgheowmb1tk9lm; Type: FK CONSTRAINT; Schema: public; Owner: postgres
--

ALTER TABLE ONLY public.film_movielist
    ADD CONSTRAINT fkeos2273pouvvgheowmb1tk9lm FOREIGN KEY (movie_list_id) REFERENCES public.movie_list(id);


--
-- TOC entry 4842 (class 2606 OID 26008)
-- Name: film_job_person fkf0nhja7imnakijtbjnk3xerls; Type: FK CONSTRAINT; Schema: public; Owner: postgres
--

ALTER TABLE ONLY public.film_job_person
    ADD CONSTRAINT fkf0nhja7imnakijtbjnk3xerls FOREIGN KEY (film_id) REFERENCES public.film(id);


--
-- TOC entry 4847 (class 2606 OID 26033)
-- Name: log fkk1ui3le07jsiktxj7279qg9uh; Type: FK CONSTRAINT; Schema: public; Owner: postgres
--

ALTER TABLE ONLY public.log
    ADD CONSTRAINT fkk1ui3le07jsiktxj7279qg9uh FOREIGN KEY (film_id) REFERENCES public.film(id);


--
-- TOC entry 4839 (class 2606 OID 25998)
-- Name: film_genres fkk28yrhtqd5w6geyhkj6f2dd5u; Type: FK CONSTRAINT; Schema: public; Owner: postgres
--

ALTER TABLE ONLY public.film_genres
    ADD CONSTRAINT fkk28yrhtqd5w6geyhkj6f2dd5u FOREIGN KEY (genre_id) REFERENCES public.genres(id);


--
-- TOC entry 4843 (class 2606 OID 26013)
-- Name: film_job_person fknlgsyk7gfl88h3emyn845q8tx; Type: FK CONSTRAINT; Schema: public; Owner: postgres
--

ALTER TABLE ONLY public.film_job_person
    ADD CONSTRAINT fknlgsyk7gfl88h3emyn845q8tx FOREIGN KEY (job_id) REFERENCES public.job(id);


--
-- TOC entry 4837 (class 2606 OID 25993)
-- Name: film_countries fkoc0ckl9ejlj1cqx7thp601jrm; Type: FK CONSTRAINT; Schema: public; Owner: postgres
--

ALTER TABLE ONLY public.film_countries
    ADD CONSTRAINT fkoc0ckl9ejlj1cqx7thp601jrm FOREIGN KEY (film_id) REFERENCES public.film(id);


--
-- TOC entry 4838 (class 2606 OID 25988)
-- Name: film_countries fkpwmsutbakiic1b9p628fqig33; Type: FK CONSTRAINT; Schema: public; Owner: postgres
--

ALTER TABLE ONLY public.film_countries
    ADD CONSTRAINT fkpwmsutbakiic1b9p628fqig33 FOREIGN KEY (country_code) REFERENCES public.countries(code);


--
-- TOC entry 4840 (class 2606 OID 26003)
-- Name: film_genres fktke72661p7jjfc48frtcclygv; Type: FK CONSTRAINT; Schema: public; Owner: postgres
--

ALTER TABLE ONLY public.film_genres
    ADD CONSTRAINT fktke72661p7jjfc48frtcclygv FOREIGN KEY (film_id) REFERENCES public.film(id);


-- Completed on 2026-05-19 09:34:01

--
-- PostgreSQL database dump complete
--

\unrestrict zs990jsUFImlq0HbDyvmV3xdOf4oUD0RRtXYZ18Y42cigte0nBBbPCVpOWA9Wem

